ticker,date,headline_count,label_1d,label_3d,label_5d
AAPL,2010-06-24,1,0,0,0
AAPL,2010-07-28,1,0,1,1
AAPL,2011-03-16,1,1,1,1
AAPL,2011-04-21,1,1,0,0
AAPL,2012-01-10,1,0,0,1
AAPL,2012-06-07,1,1,1,0
AAPL,2012-12-12,1,0,0,0
AAPL,2013-09-10,1,0,0,0
AAPL,2014-11-13,1,1,1,1
AAPL,2015-01-28,1,1,1,1
AAPL,2015-10-28,1,1,1,1
AAPL,2016-04-28,1,0,1,0
AAPL,2016-04-29,1,0,1,0
AAPL,2016-05-05,1,0,1,0
AAPL,2016-05-16,3,0,1,1
AAPL,2016-06-29,1,1,1,1
AAPL,2016-07-25,1,0,1,1
AAPL,2016-07-26,1,1,1,1
AAPL,2016-08-30,1,1,1,1
AAPL,2016-10-27,1,0,0,0
AAPL,2016-10-28,1,0,0,0
AAPL,2017-03-03,1,0,0,0
AAPL,2017-07-19,1,0,1,1
AAPL,2017-08-23,1,0,1,1
AAPL,2017-10-19,1,1,1,1
AAPL,2017-11-07,1,1,1,0
AAPL,2018-01-10,1,1,1,1
AAPL,2018-02-02,1,0,0,0
AAPL,2018-02-15,2,0,0,1
AAPL,2018-05-16,1,0,0,1
AAPL,2018-08-03,1,1,0,1
AAPL,2018-11-20,1,0,0,1
AAPL,2018-11-28,1,0,1,0
AAPL,2018-12-03,1,0,0,0
AAPL,2018-12-10,1,0,1,0
AAPL,2019-03-29,1,1,1,1
AAPL,2019-04-08,1,0,0,0
AAPL,2019-07-05,1,0,0,0
AAPL,2019-09-05,1,0,1,1
AAPL,2019-10-21,1,0,1,1
AAPL,2020-01-29,1,0,0,0
AAPL,2020-02-18,2,1,0,0
AAPL,2020-04-20,1,0,0,1
AAPL,2020-05-15,1,1,1,1
AAPL,2020-05-29,1,1,1,1
AAPL,2020-06-03,1,0,1,1
AAPL,2020-07-21,1,1,0,0
AAPL,2020-07-31,1,1,1,1
AAPL,2020-08-03,1,1,1,1
AAPL,2020-08-11,1,1,1,1
AAPL,2020-08-20,1,1,1,1
AAPL,2020-08-24,2,0,0,1
AAPL,2020-08-25,1,1,0,1
AAPL,2020-08-31,2,1,0,0
AAPL,2020-10-30,2,0,1,1
AAPL,2021-01-14,1,0,1,1
AAPL,2021-01-27,1,0,0,0
AAPL,2021-03-02,1,0,0,0
AAPL,2021-03-11,1,0,1,0
AAPL,2021-04-12,1,1,1,1
AAPL,2021-04-29,1,0,0,0
AAPL,2021-05-06,1,1,0,0
AAPL,2021-07-15,1,0,0,0
AAPL,2021-07-27,1,0,0,1
AAPL,2021-08-27,1,1,1,1
AAPL,2021-09-03,1,1,0,0
AAPL,2021-09-07,1,0,0,0
AAPL,2021-09-14,1,1,0,0
AAPL,2021-10-22,1,0,1,1
AAPL,2021-10-25,1,1,1,1
AAPL,2021-10-29,1,0,1,1
AAPL,2021-11-01,1,1,1,1
AAPL,2021-11-09,1,0,0,1
AAPL,2021-11-10,1,0,1,1
AAPL,2021-12-09,1,1,0,0
AAPL,2022-01-04,1,0,0,0
AAPL,2022-01-05,1,0,0,1
AAPL,2022-01-07,2,1,1,1
AAPL,2022-01-13,1,1,0,0
AAPL,2022-01-28,1,1,1,1
AAPL,2022-01-31,1,0,0,0
AAPL,2022-02-09,1,0,0,0
AAPL,2022-02-17,1,0,0,0
AAPL,2022-03-30,1,0,1,0
AAPL,2022-05-10,1,0,0,0
AAPL,2022-05-11,1,0,0,0
AAPL,2022-05-20,1,1,1,1
AAPL,2022-06-01,1,1,0,0
AAPL,2022-07-12,1,0,1,1
AAPL,2022-07-28,1,1,1,1
AAPL,2022-07-29,1,0,1,1
AAPL,2022-08-29,1,0,0,0
AAPL,2022-09-06,1,1,1,0
AAPL,2022-09-20,1,0,0,0
AAPL,2022-09-21,1,0,0,0
AAPL,2022-09-30,1,1,1,1
AAPL,2022-10-11,1,0,0,1
AAPL,2022-10-27,2,1,1,0
AAPL,2022-10-28,1,0,0,0
AAPL,2022-11-04,1,1,0,1
AAPL,2022-11-10,1,1,1,1
AAPL,2022-11-25,1,0,0,0
AAPL,2022-11-29,2,1,1,1
AAPL,2022-12-02,1,0,0,0
AAPL,2022-12-27,1,0,0,0
AAPL,2023-01-13,3,1,1,1
AAPL,2023-01-30,1,1,1,1
AAPL,2023-02-06,3,1,0,1
AAPL,2023-02-16,1,0,0,0
AAPL,2023-02-23,1,0,0,0
AAPL,2023-03-02,1,1,1,1
AAPL,2023-03-07,1,1,0,1
AAPL,2023-03-21,1,0,1,0
AAPL,2023-03-27,1,0,1,1
AAPL,2023-03-30,1,1,1,1
AAPL,2023-04-05,1,1,0,1
AAPL,2023-04-17,2,1,1,1
AAPL,2023-04-20,1,0,0,1
AAPL,2023-04-27,1,1,1,0
AAPL,2023-05-01,1,0,0,1
AAPL,2023-05-04,1,1,1,1
AAPL,2023-05-11,1,0,0,1
AAPL,2023-05-22,1,0,0,1
AAPL,2023-06-07,1,1,1,1
AAPL,2023-06-23,1,0,1,1
AAPL,2023-06-29,3,1,1,1
AAPL,2023-07-24,1,1,1,1
AAPL,2023-08-02,1,0,0,0
AAPL,2023-08-04,1,0,0,0
AAPL,2023-08-10,1,1,0,0
AAPL,2023-08-15,2,0,0,0
AAPL,2023-09-07,1,1,0,0
AAPL,2023-09-08,3,1,0,0
AAPL,2023-09-12,2,0,0,1
AAPL,2023-09-13,1,1,1,1
AAPL,2023-09-14,1,0,1,0
AAPL,2023-09-18,1,1,0,0
AAPL,2023-09-22,2,1,0,0
AAPL,2023-10-04,1,1,1,1
AAPL,2023-10-05,1,1,1,1
AAPL,2023-10-23,1,1,0,0
AAPL,2023-10-25,2,0,0,1
AAPL,2023-10-31,3,1,1,1
AAPL,2023-11-02,3,0,1,1
AAPL,2023-11-03,2,1,1,1
AAPL,2023-11-06,2,1,1,1
AAPL,2023-11-09,1,1,1,1
AAPL,2023-11-29,1,1,1,1
AAPL,2023-12-08,1,0,1,1
AAPL,2023-12-11,1,1,1,1
AAPL,2023-12-14,1,0,0,0
AAPL,2023-12-21,3,0,0,0
AAPL,2023-12-22,1,0,0,0
AAPL,2023-12-28,1,0,0,0
AAPL,2024-01-02,1,0,0,0
AAPL,2024-01-04,1,0,1,1
AAPL,2024-01-12,1,0,1,1
AAPL,2024-01-16,1,0,1,1
AAPL,2024-01-23,1,0,0,0
AAPL,2024-01-24,2,0,0,0
AAPL,2024-02-01,2,0,1,1
AAPL,2024-02-02,2,1,1,1
AAPL,2024-02-13,1,0,0,0
AAPL,2024-02-15,1,0,0,0
AAPL,2024-02-23,1,0,0,0
AAPL,2024-02-26,1,1,0,0
AAPL,2024-03-01,2,0,0,0
AAPL,2024-03-06,2,0,1,1
AAPL,2024-03-15,2,1,1,0
AAPL,2024-04-02,1,1,1,1
AAPL,2024-04-04,1,1,1,1
AAPL,2024-04-10,2,1,1,1
AAPL,2024-04-16,1,0,0,0
AAPL,2024-04-17,1,0,0,1
AAPL,2024-05-03,6,0,0,0
AAPL,2024-05-07,2,1,1,1
AAPL,2024-05-08,1,1,1,1
AAPL,2024-05-09,1,0,1,1
AAPL,2024-05-15,1,1,1,1
AAPL,2024-05-16,2,1,1,0
AAPL,2024-05-17,2,1,1,1
AAPL,2024-05-20,1,1,0,0
AAPL,2024-05-22,1,0,0,1
AAPL,2024-05-28,1,1,1,1
AAPL,2024-05-29,1,1,1,1
AAPL,2024-05-31,3,1,1,1
AAPL,2024-06-04,3,1,1,1
AAPL,2024-06-06,6,1,1,1
AAPL,2024-06-07,1,0,1,1
AAPL,2024-06-10,2,1,1,1
AAPL,2024-06-11,1,1,1,1
AAPL,2024-06-12,1,1,1,0
AAPL,2024-06-13,1,0,1,0
AAPL,2024-06-14,1,1,0,0
AAPL,2024-06-20,1,0,0,1
AAPL,2024-07-08,1,1,0,1
AAPL,2024-07-10,2,0,1,0
AAPL,2024-07-16,2,0,0,0
AAPL,2024-07-17,1,0,0,0
AAPL,2024-07-18,1,1,1,0
AAPL,2024-07-19,1,0,0,0
AAPL,2024-07-30,1,1,1,0
AAPL,2024-08-01,4,1,0,0
AAPL,2024-08-02,5,0,0,0
AAPL,2024-08-05,4,0,1,1
AAPL,2024-08-06,4,1,1,1
AAPL,2024-08-07,1,1,1,1
AAPL,2024-08-13,2,1,1,1
AAPL,2024-08-14,1,1,1,1
AAPL,2024-08-20,1,0,1,1
AAPL,2024-08-27,3,0,1,0
AAPL,2024-08-29,1,0,0,0
AAPL,2024-09-06,1,1,1,1
AAPL,2024-09-09,3,0,1,0
AAPL,2024-09-10,2,1,1,0
AAPL,2024-09-11,2,1,0,0
AAPL,2024-09-16,1,1,1,1
AAPL,2024-09-18,1,1,1,1
AAPL,2024-09-19,1,0,0,0
AAPL,2024-09-20,2,0,0,0
AAPL,2024-09-23,1,1,1,1
AAPL,2024-10-01,2,1,1,0
AAPL,2024-10-03,1,1,1,1
AAPL,2024-10-08,1,1,1,1
AAPL,2024-10-14,1,1,1,1
AAPL,2024-10-15,1,0,1,1
AAPL,2024-10-25,2,1,0,0
AAPL,2024-10-28,2,1,0,0
AAPL,2024-10-29,3,0,0,0
AAPL,2024-10-31,4,0,0,1
AAPL,2024-11-01,4,0,0,1
AAPL,2024-11-04,2,1,1,1
AAPL,2024-11-05,1,0,1,1
AAPL,2024-11-11,3,0,1,1
AAPL,2024-11-18,1,1,1,1
AAPL,2024-11-19,1,1,1,1
AAPL,2024-11-21,2,1,1,1
AAPL,2024-11-26,1,0,1,1
AAPL,2024-11-29,1,1,1,1
AAPL,2024-12-03,3,1,1,1
AAPL,2024-12-04,1,1,1,1
AAPL,2024-12-10,1,0,1,1
AAPL,2024-12-18,1,1,1,1
AAPL,2024-12-19,1,1,1,1
AAPL,2024-12-24,1,1,0,0
AAPL,2025-01-02,1,0,0,0
AAPL,2025-01-03,1,1,0,0
AAPL,2025-01-08,2,0,0,0
AAPL,2025-01-16,2,1,0,0
AAPL,2025-01-17,3,0,0,0
AAPL,2025-01-21,5,1,1,1
AAPL,2025-01-22,1,0,1,1
AAPL,2025-01-23,2,0,1,1
AAPL,2025-01-28,1,1,0,0
AAPL,2025-01-29,1,0,0,0
AAPL,2025-01-30,5,0,0,0
AAPL,2025-01-31,3,0,0,0
AAPL,2025-02-05,1,1,0,1
AAPL,2025-02-07,1,1,1,1
AAPL,2025-02-11,1,1,1,1
AAPL,2025-02-18,2,1,1,1
AAPL,2025-02-19,3,1,1,0
AAPL,2025-02-24,2,0,0,0
AAPL,2025-02-26,1,0,0,0
AAPL,2025-02-27,2,1,0,0
AAPL,2025-02-28,1,0,0,0
AAPL,2025-03-06,4,1,0,0
AAPL,2025-03-10,2,0,0,0
AAPL,2025-03-11,1,0,0,0
AAPL,2025-03-12,1,0,0,0
AAPL,2025-03-13,1,1,1,1
AAPL,2025-03-14,2,1,1,1
AAPL,2025-03-17,1,0,1,1
AAPL,2025-03-20,1,1,1,1
AAPL,2025-03-25,3,0,0,0
AAPL,2025-03-27,2,0,0,0
AAPL,2025-03-28,1,1,1,0
AAPL,2025-03-31,1,1,0,0
AAPL,2025-04-02,1,0,0,0
AAPL,2025-04-03,4,0,0,0
AAPL,2025-04-04,1,0,1,1
AAPL,2025-04-07,4,0,1,1
AAPL,2025-04-08,3,1,1,1
AAPL,2025-04-09,2,0,1,0
AAPL,2025-04-14,1,0,0,0
AAPL,2025-04-17,1,0,1,1
AAPL,2025-04-23,1,1,1,1
AAPL,2025-04-24,1,1,1,1
AAPL,2025-04-25,1,1,1,0
AAPL,2025-04-28,1,1,1,0
AAPL,2025-04-29,7,1,0,0
AAPL,2025-04-30,3,1,0,0
AAPL,2025-05-01,6,0,0,0
AAPL,2025-05-02,4,0,0,0
AAPL,2025-05-05,3,0,0,1
AAPL,2025-05-07,1,1,1,1
AAPL,2025-05-08,1,1,1,1
AAPL,2025-05-12,5,1,1,0
AAPL,2025-05-14,2,0,0,0
AAPL,2025-05-15,3,0,0,0
AAPL,2025-05-16,4,0,0,0
AAPL,2025-05-19,3,0,0,0
AAPL,2025-05-20,3,0,0,0
AAPL,2025-05-21,5,0,0,0
AAPL,2025-05-22,1,0,0,0
AAPL,2025-05-23,4,1,1,1
AAPL,2025-05-28,1,0,1,1
AAPL,2025-05-29,2,1,1,1
AAPL,2025-05-30,1,1,1,1
AAPL,2025-06-02,1,1,0,0
AAPL,2025-06-03,1,0,1,0
AAPL,2025-06-05,1,1,1,0
AAPL,2025-06-09,2,1,0,0
AAPL,2025-06-10,2,0,0,0
AAPL,2025-06-18,1,1,1,1
AAPL,2025-06-24,1,1,1,1
AAPL,2025-06-25,1,0,1,1
AAPL,2025-06-27,1,1,1,1
AAPL,2025-07-01,1,1,1,1
AAPL,2025-07-02,4,1,0,0
AAPL,2025-07-03,1,0,0,0
AAPL,2025-07-07,2,1,1,0
AAPL,2025-07-08,2,1,1,0
AAPL,2025-07-09,2,1,0,0
AAPL,2025-07-11,1,0,0,1
AAPL,2025-07-14,3,1,1,1
AAPL,2025-07-15,4,1,1,1
AAPL,2025-07-16,2,0,1,1
AAPL,2025-07-25,1,1,0,0
AAPL,2025-07-28,5,0,0,0
AAPL,2025-07-29,1,0,0,0
AAPL,2025-07-30,5,0,0,1
AAPL,2025-07-31,23,0,0,1
AAPL,2025-08-01,11,1,1,1
AAPL,2025-08-04,1,0,1,1
AAPL,2025-08-05,1,1,1,1
AAPL,2025-08-06,16,1,1,1
AAPL,2025-08-07,7,1,1,1
AAPL,2025-08-08,4,0,1,1
AAPL,2025-08-11,1,1,1,1
AAPL,2025-08-12,2,1,1,1
AAPL,2025-08-15,4,0,0,0
AAPL,2025-08-19,2,0,0,0
AAPL,2025-08-20,3,0,1,1
AAPL,2025-08-22,1,0,1,1
AAPL,2025-08-25,2,1,1,1
AAPL,2025-08-26,3,1,1,1
AAPL,2025-08-27,6,1,0,1
AAPL,2025-08-29,3,0,1,1
AAPL,2025-09-02,3,1,1,1
AAPL,2025-09-03,6,1,0,0
AAPL,2025-09-04,2,0,0,0
AAPL,2025-09-05,6,0,0,0
AAPL,2025-09-08,4,0,0,0
AAPL,2025-09-09,10,0,0,1
AAPL,2025-09-10,11,1,1,1
AAPL,2025-09-11,3,1,1,1
AAPL,2025-09-12,6,1,1,1
AAPL,2025-09-15,3,1,1,1
AAPL,2025-09-16,10,1,1,1
AAPL,2025-09-17,2,0,1,1
AAPL,2025-09-18,3,1,1,1
AAPL,2025-09-19,13,1,1,1
AAPL,2025-09-22,5,0,1,0
AAPL,2025-09-23,1,0,1,1
AAPL,2025-09-24,5,1,1,1
AAPL,2025-09-25,2,0,0,1
AAPL,2025-09-26,4,0,0,1
AAPL,2025-09-30,2,1,1,1
AAPL,2025-10-01,1,1,1,1
AAPL,2025-10-02,2,1,0,0
AAPL,2025-10-03,2,0,1,0
AAPL,2025-10-07,8,1,0,0
AAPL,2025-10-08,2,0,0,0
AAPL,2025-10-09,5,0,0,0
AAPL,2025-10-10,2,1,1,1
AAPL,2025-10-13,6,1,0,1
AAPL,2025-10-14,3,1,1,1
AAPL,2025-10-15,7,0,1,1
AAPL,2025-10-16,2,1,1,1
AAPL,2025-10-17,3,1,1,1
AAPL,2025-10-20,3,1,0,1
AAPL,2025-10-21,13,0,1,1
AAPL,2025-10-22,2,1,1,1
AAPL,2025-10-23,6,1,1,1
AAPL,2025-10-24,5,1,1,1
AAPL,2025-10-27,2,1,1,1
AAPL,2025-10-28,9,1,1,1
AAPL,2025-10-29,10,1,0,1
AAPL,2025-10-30,31,0,0,0
AAPL,2025-10-31,32,0,0,0
AAPL,2025-11-03,4,1,1,1
AAPL,2025-11-04,4,1,0,1
AAPL,2025-11-05,6,0,0,1
AAPL,2025-11-06,3,0,1,1
AAPL,2025-11-07,1,1,1,1
AAPL,2025-11-10,4,1,1,0
AAPL,2025-11-11,3,0,0,0
AAPL,2025-11-12,7,0,0,0
AAPL,2025-11-14,2,0,0,0
AAPL,2025-11-17,9,0,0,1
AAPL,2025-11-18,4,1,1,1
AAPL,2025-11-19,2,0,1,1
AAPL,2025-11-20,5,1,1,1
AAPL,2025-11-21,11,1,1,1
AAPL,2025-11-24,2,1,1,1
AAPL,2025-11-25,5,1,1,1
AAPL,2025-11-26,5,1,1,1
AAPL,2025-11-28,2,1,1,0
AAPL,2025-12-01,4,1,0,0
AAPL,2025-12-02,5,0,0,0
AAPL,2025-12-03,3,0,0,0
AAPL,2025-12-04,1,0,0,0
AAPL,2025-12-05,3,0,0,0
AAPL,2025-12-09,2,1,1,0
AAPL,2025-12-12,3,0,0,0
AAPL,2025-12-15,1,1,0,0
AAPL,2025-12-16,4,0,0,0
AAPL,2025-12-17,3,1,0,1
AAPL,2025-12-18,1,1,1,1
AAPL,2025-12-22,1,1,1,1
AAPL,2025-12-23,1,1,1,0
AAPL,2025-12-26,1,1,0,0
AAPL,2025-12-29,1,0,0,0
AAPL,2025-12-30,3,0,0,0
AAPL,2026-01-02,3,0,0,0
AAPL,2026-01-05,4,0,0,0
AAPL,2026-01-06,5,0,0,0
AAPL,2026-01-07,3,0,0,0
AAPL,2026-01-08,3,1,1,0
AAPL,2026-01-09,1,1,1,0
AAPL,2026-01-12,6,1,0,0
AAPL,2026-01-13,3,0,0,0
AAPL,2026-01-14,1,0,0,0
AAPL,2026-01-15,2,0,0,0
AAPL,2026-01-16,1,0,0,0
AAPL,2026-01-20,8,1,1,1
AAPL,2026-01-21,6,1,1,1
AAPL,2026-01-22,3,0,1,1
AAPL,2026-01-23,6,1,1,1
AAPL,2026-01-26,19,1,1,1
AAPL,2026-01-27,5,0,1,1
AAPL,2026-01-28,8,1,1,1
AAPL,2026-01-29,44,1,1,1
AAPL,2026-01-30,32,1,1,1
AAPL,2026-02-02,7,0,1,1
AAPL,2026-02-03,7,1,1,1
AAPL,2026-02-04,6,0,0,0
AAPL,2026-02-05,6,1,0,0
AAPL,2026-02-06,5,0,0,0
AAPL,2026-02-10,6,1,0,0
AAPL,2026-02-11,2,0,0,0
AAPL,2026-02-12,6,0,1,1
AAPL,2026-02-13,6,1,1,1
AAPL,2026-02-17,11,1,1,1
AAPL,2026-02-18,6,0,1,1
AAPL,2026-02-19,2,1,1,1
AAPL,2026-02-20,4,1,1,0
AAPL,2026-02-23,8,1,1,0
AAPL,2026-02-24,17,1,0,0
AAPL,2026-02-25,7,0,0,0
AAPL,2026-02-26,8,0,0,0
AMZN,2011-04-26,1,1,1,1
AMZN,2014-10-27,1,1,1,1
AMZN,2015-12-09,1,0,0,1
AMZN,2016-05-13,1,1,0,0
AMZN,2016-05-27,1,1,1,1
AMZN,2016-10-10,1,0,0,0
AMZN,2016-12-09,1,0,1,0
AMZN,2016-12-27,1,1,0,0
AMZN,2017-01-04,1,1,1,1
AMZN,2017-04-27,1,1,1,1
AMZN,2017-05-16,1,0,0,1
AMZN,2017-09-01,1,0,1,0
AMZN,2017-09-21,1,0,0,0
AMZN,2017-10-30,1,0,0,1
AMZN,2018-02-21,1,1,1,1
AMZN,2018-02-22,2,1,1,1
AMZN,2018-03-20,1,0,0,0
AMZN,2018-04-19,1,0,0,0
AMZN,2018-04-27,1,0,0,1
AMZN,2018-05-11,1,0,0,0
AMZN,2018-07-06,1,1,1,1
AMZN,2018-07-12,1,1,1,1
AMZN,2018-08-03,1,1,1,1
AMZN,2018-08-27,1,1,1,1
AMZN,2018-09-05,1,0,0,0
AMZN,2018-10-02,2,0,0,0
AMZN,2018-10-03,1,0,0,0
AMZN,2019-01-10,1,0,1,1
AMZN,2019-03-01,1,1,0,0
AMZN,2019-04-05,1,1,1,1
AMZN,2019-05-01,1,0,1,1
AMZN,2019-05-03,1,0,0,0
AMZN,2019-07-12,1,1,0,0
AMZN,2019-07-31,1,0,0,0
AMZN,2019-08-02,1,0,0,0
AMZN,2019-10-25,1,1,1,1
AMZN,2019-12-18,1,1,1,1
AMZN,2019-12-19,1,0,0,1
AMZN,2020-04-15,1,1,1,1
AMZN,2020-04-27,1,0,1,0
AMZN,2020-06-26,1,0,1,1
AMZN,2020-07-20,1,0,0,0
AMZN,2020-07-21,1,0,0,0
AMZN,2020-07-27,1,0,0,1
AMZN,2020-08-17,1,1,1,1
AMZN,2020-08-27,1,1,1,0
AMZN,2020-10-13,1,0,0,0
AMZN,2020-10-20,1,0,0,1
AMZN,2020-10-26,1,1,1,0
AMZN,2020-11-06,1,0,0,0
AMZN,2020-11-17,1,0,0,0
AMZN,2020-11-19,1,0,1,1
AMZN,2020-11-24,1,1,1,1
AMZN,2020-11-25,2,1,1,1
AMZN,2020-12-30,1,0,0,0
AMZN,2021-02-03,1,1,1,0
AMZN,2021-02-12,1,0,1,0
AMZN,2021-02-17,2,1,0,0
AMZN,2021-02-18,1,0,0,0
AMZN,2021-03-18,1,1,1,1
AMZN,2021-03-26,1,1,1,1
AMZN,2021-04-20,1,1,1,1
AMZN,2021-04-29,1,0,0,0
AMZN,2021-04-30,2,0,0,0
AMZN,2021-05-13,1,1,1,1
AMZN,2021-06-09,1,1,1,1
AMZN,2021-06-10,1,0,1,1
AMZN,2021-06-14,1,0,1,1
AMZN,2021-06-28,1,1,0,1
AMZN,2021-07-02,1,1,1,1
AMZN,2021-07-06,1,1,1,1
AMZN,2021-07-14,1,0,0,0
AMZN,2021-07-29,2,0,0,0
AMZN,2021-07-30,1,1,1,1
AMZN,2021-08-10,2,0,0,0
AMZN,2021-08-16,1,0,0,0
AMZN,2021-09-01,1,0,1,1
AMZN,2021-09-27,1,0,0,0
AMZN,2021-10-06,1,1,0,1
AMZN,2022-02-03,1,1,1,1
AMZN,2022-02-04,1,1,1,0
AMZN,2022-02-08,1,0,0,0
AMZN,2022-02-14,1,1,0,0
AMZN,2022-03-03,1,0,0,0
AMZN,2022-03-07,1,0,1,1
AMZN,2022-03-21,1,1,1,1
AMZN,2022-04-05,1,0,0,0
AMZN,2022-04-22,1,1,0,0
AMZN,2022-04-29,1,1,1,0
AMZN,2022-05-13,1,0,0,0
AMZN,2022-06-03,2,1,0,0
AMZN,2022-07-29,1,1,1,1
AMZN,2022-08-08,1,0,1,1
AMZN,2022-08-09,1,1,1,1
AMZN,2022-08-10,1,0,1,0
AMZN,2022-08-16,1,0,0,0
AMZN,2022-08-17,1,1,0,0
AMZN,2022-08-24,1,1,0,0
AMZN,2022-09-01,1,0,1,1
AMZN,2022-09-02,1,0,1,1
AMZN,2022-09-15,1,0,0,0
AMZN,2022-09-27,1,1,0,1
AMZN,2022-09-28,1,0,0,1
AMZN,2022-10-03,1,1,1,0
AMZN,2022-10-11,1,1,0,1
AMZN,2022-10-21,1,1,0,0
AMZN,2022-10-27,2,0,0,0
AMZN,2022-10-28,2,0,0,0
AMZN,2022-11-10,1,1,1,0
AMZN,2022-11-17,1,0,0,0
AMZN,2022-11-25,2,1,1,1
AMZN,2022-12-22,1,1,0,1
AMZN,2022-12-27,1,0,1,1
AMZN,2023-01-05,1,1,1,1
AMZN,2023-01-12,1,1,1,1
AMZN,2023-01-30,1,1,1,1
AMZN,2023-02-02,1,0,0,0
AMZN,2023-02-14,1,1,0,0
AMZN,2023-02-23,1,0,0,0
AMZN,2023-03-06,1,0,0,0
AMZN,2023-03-14,1,1,1,1
AMZN,2023-03-15,1,1,1,1
AMZN,2023-04-05,1,1,0,1
AMZN,2023-04-13,1,1,0,1
AMZN,2023-04-18,1,1,1,1
AMZN,2023-04-21,1,0,0,0
AMZN,2023-04-27,1,0,0,0
AMZN,2023-04-28,1,0,0,1
AMZN,2023-05-30,1,0,1,1
AMZN,2023-05-31,1,1,1,1
AMZN,2023-06-06,1,0,0,1
AMZN,2023-06-14,1,1,0,1
AMZN,2023-06-21,1,1,1,1
AMZN,2023-06-23,2,0,0,1
AMZN,2023-07-10,1,1,1,1
AMZN,2023-07-14,1,0,1,0
AMZN,2023-07-25,1,0,1,1
AMZN,2023-08-01,1,0,1,1
AMZN,2023-08-07,1,0,0,0
AMZN,2023-08-10,1,0,0,0
AMZN,2023-08-28,1,1,1,1
AMZN,2023-08-29,1,1,1,1
AMZN,2023-09-13,1,0,0,0
AMZN,2023-09-14,1,0,0,0
AMZN,2023-09-15,1,0,0,0
AMZN,2023-09-25,1,0,0,0
AMZN,2023-09-26,2,0,1,0
AMZN,2023-10-03,1,1,1,1
AMZN,2023-10-04,1,0,1,1
AMZN,2023-10-11,1,1,1,0
AMZN,2023-10-18,1,1,0,0
AMZN,2023-11-02,2,1,1,1
AMZN,2023-11-06,1,1,1,1
AMZN,2023-11-07,1,0,1,1
AMZN,2023-11-13,1,1,1,1
AMZN,2023-11-15,2,0,1,1
AMZN,2023-11-17,1,1,1,1
AMZN,2023-11-28,1,0,0,0
AMZN,2023-11-30,1,1,1,1
AMZN,2023-12-06,1,1,1,1
AMZN,2023-12-18,1,0,0,0
AMZN,2024-01-03,1,0,1,1
AMZN,2024-01-10,1,1,0,0
AMZN,2024-01-19,1,0,1,1
AMZN,2024-01-29,1,0,0,1
AMZN,2024-01-30,2,0,1,1
AMZN,2024-02-02,1,0,0,1
AMZN,2024-02-13,1,1,1,0
AMZN,2024-02-16,1,0,1,1
AMZN,2024-02-20,1,1,1,1
AMZN,2024-02-21,1,1,1,1
AMZN,2024-02-22,1,1,0,1
AMZN,2024-02-27,1,0,1,1
AMZN,2024-03-04,3,0,0,0
AMZN,2024-03-06,1,1,0,1
AMZN,2024-03-14,1,0,0,0
AMZN,2024-03-18,1,1,1,1
AMZN,2024-03-26,1,1,1,1
AMZN,2024-04-02,1,1,1,1
AMZN,2024-04-08,1,1,1,0
AMZN,2024-04-30,2,1,1,1
AMZN,2024-05-01,3,1,1,1
AMZN,2024-05-06,1,1,1,0
AMZN,2024-05-13,1,1,0,0
AMZN,2024-05-16,1,1,0,0
AMZN,2024-05-21,1,0,0,0
AMZN,2024-05-22,1,0,0,0
AMZN,2024-05-23,1,0,1,0
AMZN,2024-05-24,1,1,0,0
AMZN,2024-05-28,1,0,0,0
AMZN,2024-05-29,1,0,0,0
AMZN,2024-05-30,1,0,1,1
AMZN,2024-06-24,1,1,1,1
AMZN,2024-06-27,1,0,1,1
AMZN,2024-07-02,1,0,0,0
AMZN,2024-07-03,1,1,1,0
AMZN,2024-07-05,2,0,0,0
AMZN,2024-07-17,1,0,0,0
AMZN,2024-07-26,2,1,1,0
AMZN,2024-08-01,2,0,0,0
AMZN,2024-08-02,4,0,0,0
AMZN,2024-08-05,1,1,1,1
AMZN,2024-08-13,1,0,1,1
AMZN,2024-08-14,1,1,1,1
AMZN,2024-08-15,3,0,1,0
AMZN,2024-08-19,1,1,0,0
AMZN,2024-08-22,1,1,0,0
AMZN,2024-08-23,1,0,0,1
AMZN,2024-09-03,1,0,0,1
AMZN,2024-09-11,1,1,1,1
AMZN,2024-09-19,1,1,1,1
AMZN,2024-09-20,1,1,1,0
AMZN,2024-09-25,1,0,0,0
AMZN,2024-09-26,1,0,0,0
AMZN,2024-10-03,2,1,1,1
AMZN,2024-10-07,1,1,1,1
AMZN,2024-10-15,1,0,1,1
AMZN,2024-10-16,1,1,1,0
AMZN,2024-10-22,2,0,0,1
AMZN,2024-10-28,2,1,0,1
AMZN,2024-10-29,1,1,1,1
AMZN,2024-11-01,2,0,1,1
AMZN,2024-11-04,2,1,1,1
AMZN,2024-11-05,2,1,1,1
AMZN,2024-11-08,1,0,1,0
AMZN,2024-11-11,1,1,1,0
AMZN,2024-11-12,1,1,0,0
AMZN,2024-11-13,1,0,0,0
AMZN,2024-11-18,1,1,0,0
AMZN,2024-11-19,2,0,0,1
AMZN,2024-11-21,1,0,1,1
AMZN,2024-11-25,2,1,1,1
AMZN,2024-11-26,1,0,1,1
AMZN,2024-12-03,1,1,1,1
AMZN,2024-12-05,1,1,1,1
AMZN,2024-12-11,2,0,1,0
AMZN,2024-12-17,2,0,0,0
AMZN,2024-12-24,1,0,0,0
AMZN,2024-12-27,2,0,0,1
AMZN,2024-12-31,1,1,1,1
AMZN,2025-01-02,1,1,1,0
AMZN,2025-01-14,1,1,1,1
AMZN,2025-01-15,4,0,1,1
AMZN,2025-01-16,1,1,1,1
AMZN,2025-01-17,1,1,1,1
AMZN,2025-01-23,3,0,1,0
AMZN,2025-01-27,2,1,0,1
AMZN,2025-01-29,1,0,1,0
AMZN,2025-02-04,1,0,0,0
AMZN,2025-02-06,5,0,0,0
AMZN,2025-02-07,4,1,0,0
AMZN,2025-02-10,1,0,0,0
AMZN,2025-02-14,1,0,0,0
AMZN,2025-02-20,2,0,0,0
AMZN,2025-02-27,2,1,0,0
AMZN,2025-03-04,2,1,0,0
AMZN,2025-03-05,1,0,0,0
AMZN,2025-03-12,3,0,0,0
AMZN,2025-03-14,1,0,0,0
AMZN,2025-03-18,2,1,1,1
AMZN,2025-03-25,1,0,0,0
AMZN,2025-03-28,1,0,1,0
AMZN,2025-04-04,1,1,1,1
AMZN,2025-04-14,2,0,0,0
AMZN,2025-04-17,1,0,1,1
AMZN,2025-04-21,1,1,1,1
AMZN,2025-04-24,1,1,1,1
AMZN,2025-04-25,4,0,0,1
AMZN,2025-04-30,1,1,1,1
AMZN,2025-05-01,7,0,0,1
AMZN,2025-05-02,4,0,0,1
AMZN,2025-05-05,1,0,1,1
AMZN,2025-05-07,3,1,1,1
AMZN,2025-05-08,1,1,1,1
AMZN,2025-05-12,1,1,0,0
AMZN,2025-05-13,1,0,0,0
AMZN,2025-05-15,1,1,0,0
AMZN,2025-05-21,3,1,1,1
AMZN,2025-05-22,2,0,1,1
AMZN,2025-05-23,1,1,1,1
AMZN,2025-05-29,2,0,1,1
AMZN,2025-06-06,1,1,0,0
AMZN,2025-06-10,1,0,0,0
AMZN,2025-06-12,3,0,1,0
AMZN,2025-06-13,1,1,1,0
AMZN,2025-06-16,2,0,0,0
AMZN,2025-06-20,1,0,1,1
AMZN,2025-06-23,2,1,1,1
AMZN,2025-06-24,1,0,1,1
AMZN,2025-06-27,3,0,0,1
AMZN,2025-06-30,2,1,1,0
AMZN,2025-07-01,3,0,1,1
AMZN,2025-07-02,3,1,0,1
AMZN,2025-07-03,2,1,0,1
AMZN,2025-07-07,1,0,0,1
AMZN,2025-07-08,1,1,1,1
AMZN,2025-07-09,2,0,1,1
AMZN,2025-07-10,1,1,1,1
AMZN,2025-07-11,2,1,0,1
AMZN,2025-07-16,2,1,1,1
AMZN,2025-07-17,2,1,1,1
AMZN,2025-07-18,1,1,1,1
AMZN,2025-07-21,3,0,1,1
AMZN,2025-07-22,1,1,1,1
AMZN,2025-07-23,1,1,1,1
AMZN,2025-07-24,2,0,0,1
AMZN,2025-07-25,4,1,0,0
AMZN,2025-07-28,3,0,1,0
AMZN,2025-07-29,3,0,0,0
AMZN,2025-07-30,2,1,0,0
AMZN,2025-07-31,22,0,0,0
AMZN,2025-08-01,11,0,1,1
AMZN,2025-08-04,2,1,1,1
AMZN,2025-08-05,5,1,1,1
AMZN,2025-08-06,1,1,0,1
AMZN,2025-08-08,1,0,1,1
AMZN,2025-08-11,2,1,1,1
AMZN,2025-08-13,1,1,1,0
AMZN,2025-08-14,1,1,0,0
AMZN,2025-08-15,2,1,0,0
AMZN,2025-08-19,1,0,1,1
AMZN,2025-08-20,1,0,1,1
AMZN,2025-08-21,2,1,1,1
AMZN,2025-08-25,3,1,1,0
AMZN,2025-08-28,3,0,0,1
AMZN,2025-09-04,2,0,1,0
AMZN,2025-09-05,4,1,0,0
AMZN,2025-09-08,4,1,0,0
AMZN,2025-09-09,3,0,0,0
AMZN,2025-09-10,7,0,1,1
AMZN,2025-09-11,1,0,1,1
AMZN,2025-09-16,4,0,0,0
AMZN,2025-09-17,1,0,0,0
AMZN,2025-09-18,3,1,0,0
AMZN,2025-09-19,1,0,0,0
AMZN,2025-09-22,2,0,0,0
AMZN,2025-09-23,2,0,0,0
AMZN,2025-09-24,3,0,1,1
AMZN,2025-09-25,2,1,1,1
AMZN,2025-09-26,5,1,1,0
AMZN,2025-09-29,2,0,1,0
AMZN,2025-09-30,2,1,0,1
AMZN,2025-10-01,3,1,1,1
AMZN,2025-10-03,1,1,1,0
AMZN,2025-10-06,4,1,1,0
AMZN,2025-10-07,6,1,0,0
AMZN,2025-10-08,7,1,0,0
AMZN,2025-10-13,2,0,0,0
AMZN,2025-10-14,3,0,0,1
AMZN,2025-10-15,5,0,1,1
AMZN,2025-10-17,2,1,1,1
AMZN,2025-10-20,11,1,1,1
AMZN,2025-10-21,5,0,1,1
AMZN,2025-10-22,4,1,1,1
AMZN,2025-10-23,2,1,1,1
AMZN,2025-10-24,3,1,1,1
AMZN,2025-10-27,4,1,0,1
AMZN,2025-10-28,10,1,1,1
AMZN,2025-10-29,8,0,1,1
AMZN,2025-10-30,29,1,1,1
AMZN,2025-10-31,26,1,1,1
AMZN,2025-11-03,15,0,0,0
AMZN,2025-11-04,9,1,0,0
AMZN,2025-11-05,2,0,0,0
AMZN,2025-11-06,2,1,1,0
AMZN,2025-11-07,1,1,0,0
AMZN,2025-11-10,3,1,0,0
AMZN,2025-11-11,3,0,0,0
AMZN,2025-11-12,2,0,0,0
AMZN,2025-11-13,2,0,0,0
AMZN,2025-11-14,3,0,0,0
AMZN,2025-11-17,5,0,0,0
AMZN,2025-11-18,3,1,0,1
AMZN,2025-11-19,3,0,1,1
AMZN,2025-11-20,4,1,1,1
AMZN,2025-11-21,1,1,1,1
AMZN,2025-11-24,1,1,1,1
AMZN,2025-11-25,3,0,1,1
AMZN,2025-11-26,2,1,1,0
AMZN,2025-11-28,6,1,0,0
AMZN,2025-12-01,1,1,0,0
AMZN,2025-12-02,3,0,0,0
AMZN,2025-12-03,5,0,0,0
AMZN,2025-12-04,4,1,0,1
AMZN,2025-12-05,3,0,1,0
AMZN,2025-12-08,1,1,1,0
AMZN,2025-12-09,2,1,0,0
AMZN,2025-12-10,20,0,0,0
AMZN,2025-12-11,1,0,0,0
AMZN,2025-12-12,4,0,0,1
AMZN,2025-12-15,3,1,1,1
AMZN,2025-12-16,3,0,1,1
AMZN,2025-12-17,6,1,1,1
AMZN,2025-12-18,5,1,1,1
AMZN,2025-12-22,2,1,1,1
AMZN,2025-12-23,3,1,0,0
AMZN,2025-12-24,2,1,1,0
AMZN,2025-12-26,3,0,0,1
AMZN,2025-12-30,4,0,1,1
AMZN,2025-12-31,4,0,1,1
AMZN,2026-01-05,1,1,1,1
AMZN,2026-01-06,3,1,1,1
AMZN,2026-01-07,6,1,1,0
AMZN,2026-01-08,6,1,0,0
AMZN,2026-01-09,1,0,0,0
AMZN,2026-01-13,5,0,0,0
AMZN,2026-01-14,6,1,0,0
AMZN,2026-01-15,1,1,0,1
AMZN,2026-01-16,3,0,0,0
AMZN,2026-01-20,4,1,1,1
AMZN,2026-01-21,3,1,1,1
AMZN,2026-01-22,8,1,1,1
AMZN,2026-01-23,6,0,1,1
AMZN,2026-01-26,2,1,1,1
AMZN,2026-01-27,9,0,0,0
AMZN,2026-01-28,10,0,0,0
AMZN,2026-01-29,6,0,0,0
AMZN,2026-01-30,11,1,0,0
AMZN,2026-02-02,8,0,0,0
AMZN,2026-02-03,10,0,0,0
AMZN,2026-02-04,12,0,0,0
AMZN,2026-02-05,32,0,0,0
AMZN,2026-02-06,31,0,0,0
AMZN,2026-02-09,8,0,0,0
AMZN,2026-02-10,4,0,0,0
AMZN,2026-02-11,8,0,0,1
AMZN,2026-02-12,6,0,1,1
AMZN,2026-02-13,11,1,1,1
AMZN,2026-02-17,9,1,1,1
AMZN,2026-02-18,7,1,1,1
AMZN,2026-02-19,16,1,1,1
AMZN,2026-02-20,14,0,1,0
AMZN,2026-02-23,4,1,1,1
AMZN,2026-02-24,11,1,1,1
AMZN,2026-02-25,6,0,0,1
AMZN,2026-02-26,10,1,1,1
GOOGL,2011-04-14,1,0,0,0
GOOGL,2013-02-06,1,1,1,1
GOOGL,2013-02-25,1,0,1,1
GOOGL,2013-05-15,1,0,0,0
GOOGL,2013-07-25,1,0,1,1
GOOGL,2014-01-30,1,1,1,1
GOOGL,2014-09-16,1,1,1,1
GOOGL,2014-10-15,1,0,0,1
GOOGL,2014-12-17,1,1,1,1
GOOGL,2015-07-20,1,1,0,0
GOOGL,2015-08-11,1,1,0,0
GOOGL,2015-08-19,2,0,0,0
GOOGL,2015-10-08,1,1,1,1
GOOGL,2016-02-24,1,1,0,1
GOOGL,2016-03-14,1,1,1,1
GOOGL,2016-07-28,1,1,1,1
GOOGL,2016-12-20,1,0,0,0
GOOGL,2017-07-06,1,1,1,1
GOOGL,2017-07-19,1,0,1,0
GOOGL,2017-08-03,1,1,1,0
GOOGL,2017-08-23,1,0,0,1
GOOGL,2017-09-01,1,0,0,0
GOOGL,2017-09-20,1,1,0,1
GOOGL,2017-11-02,1,1,1,1
GOOGL,2017-11-28,1,0,0,0
GOOGL,2017-11-30,2,0,0,1
GOOGL,2017-12-18,1,0,0,0
GOOGL,2018-01-05,1,1,0,1
GOOGL,2018-02-20,1,1,1,1
GOOGL,2018-03-21,2,0,0,0
GOOGL,2018-03-22,1,0,0,0
GOOGL,2018-06-27,1,1,1,1
GOOGL,2018-07-18,1,0,0,1
GOOGL,2018-07-26,1,0,0,0
GOOGL,2018-08-10,1,0,0,0
GOOGL,2018-10-29,1,1,1,1
GOOGL,2018-11-28,1,1,1,0
GOOGL,2018-12-14,1,0,0,0
GOOGL,2019-01-14,1,1,1,1
GOOGL,2019-01-28,1,0,1,1
GOOGL,2019-02-21,1,1,1,1
GOOGL,2019-03-25,1,0,0,1
GOOGL,2019-04-16,1,1,1,1
GOOGL,2019-04-25,1,1,0,0
GOOGL,2019-05-06,1,0,0,0
GOOGL,2019-05-14,1,1,1,1
GOOGL,2019-05-20,1,1,1,0
GOOGL,2019-05-24,1,1,0,0
GOOGL,2019-07-24,1,0,1,1
GOOGL,2019-08-19,1,0,0,0
GOOGL,2019-09-23,1,0,1,0
GOOGL,2019-09-27,1,0,0,0
GOOGL,2019-10-21,1,0,1,1
GOOGL,2019-10-23,1,1,1,1
GOOGL,2019-10-24,2,1,1,0
GOOGL,2019-11-05,1,0,1,1
GOOGL,2019-12-04,1,1,1,1
GOOGL,2019-12-05,1,1,1,1
GOOGL,2020-01-22,1,1,0,0
GOOGL,2020-02-19,1,0,0,0
GOOGL,2020-03-05,1,0,0,0
GOOGL,2020-04-29,1,1,0,1
GOOGL,2020-05-07,1,1,1,0
GOOGL,2020-06-09,1,1,0,0
GOOGL,2020-06-30,1,1,1,1
GOOGL,2020-07-10,1,0,0,0
GOOGL,2020-07-20,1,0,0,0
GOOGL,2020-07-31,1,0,0,1
GOOGL,2020-08-04,2,1,1,1
GOOGL,2020-08-05,2,1,1,1
GOOGL,2020-08-07,1,0,1,1
GOOGL,2020-08-24,1,1,1,1
GOOGL,2020-09-10,1,0,1,0
GOOGL,2020-10-01,1,0,0,0
GOOGL,2020-10-13,1,0,1,0
GOOGL,2020-11-12,2,1,1,1
GOOGL,2021-02-04,1,1,1,1
GOOGL,2021-02-11,1,1,1,1
GOOGL,2021-02-17,2,0,0,0
GOOGL,2021-02-22,2,1,0,1
GOOGL,2021-02-26,1,1,0,1
GOOGL,2021-03-01,1,0,0,0
GOOGL,2021-03-03,1,1,0,1
GOOGL,2021-03-04,1,1,1,1
GOOGL,2021-03-23,1,0,0,1
GOOGL,2021-03-30,2,1,1,1
GOOGL,2021-04-26,1,0,1,1
GOOGL,2021-05-26,2,0,1,0
GOOGL,2021-05-27,1,0,1,1
GOOGL,2021-06-23,1,1,1,0
GOOGL,2021-06-28,1,0,0,1
GOOGL,2021-08-10,1,0,1,0
GOOGL,2021-08-13,1,1,0,0
GOOGL,2021-08-31,2,1,0,0
GOOGL,2021-09-15,2,0,0,0
GOOGL,2021-10-06,1,1,1,1
GOOGL,2021-10-28,1,1,0,1
GOOGL,2021-11-04,1,1,1,0
GOOGL,2021-11-15,1,0,1,0
GOOGL,2022-02-01,1,1,1,1
GOOGL,2022-02-03,1,1,0,0
GOOGL,2022-02-24,1,1,1,1
GOOGL,2022-02-25,2,1,1,0
GOOGL,2022-04-27,1,1,1,1
GOOGL,2022-05-13,1,0,0,0
GOOGL,2022-06-02,1,0,0,0
GOOGL,2022-06-15,1,0,1,1
GOOGL,2022-06-24,1,0,0,0
GOOGL,2022-07-11,1,0,0,0
GOOGL,2022-07-13,1,0,0,1
GOOGL,2022-07-19,2,1,0,0
GOOGL,2022-07-27,2,1,1,1
GOOGL,2022-08-02,1,1,1,1
GOOGL,2022-08-18,1,0,0,0
GOOGL,2022-08-26,1,0,0,0
GOOGL,2022-08-30,1,0,0,1
GOOGL,2022-09-01,1,0,0,1
GOOGL,2022-09-12,1,0,0,0
GOOGL,2022-09-15,1,0,0,0
GOOGL,2022-10-06,1,0,0,0
GOOGL,2022-10-07,3,0,0,0
GOOGL,2022-10-11,1,1,0,1
GOOGL,2022-10-12,1,1,1,1
GOOGL,2022-11-03,1,1,1,1
GOOGL,2022-11-16,1,0,0,0
GOOGL,2022-11-30,1,0,0,0
GOOGL,2022-12-19,1,1,0,0
GOOGL,2022-12-20,1,1,1,0
GOOGL,2022-12-29,2,0,0,0
GOOGL,2023-01-04,1,0,0,1
GOOGL,2023-01-13,1,0,1,1
GOOGL,2023-02-09,5,0,0,1
GOOGL,2023-02-23,2,0,0,1
GOOGL,2023-03-01,1,1,1,1
GOOGL,2023-03-10,1,1,1,1
GOOGL,2023-03-23,1,0,0,0
GOOGL,2023-03-28,1,1,1,1
GOOGL,2023-04-03,3,1,1,1
GOOGL,2023-04-12,1,1,1,0
GOOGL,2023-04-17,1,0,0,0
GOOGL,2023-05-01,2,0,0,1
GOOGL,2023-05-04,1,1,1,1
GOOGL,2023-05-08,1,0,1,1
GOOGL,2023-05-10,1,1,1,1
GOOGL,2023-05-11,1,1,1,1
GOOGL,2023-05-17,2,1,1,1
GOOGL,2023-05-19,1,1,0,1
GOOGL,2023-06-02,1,1,0,0
GOOGL,2023-06-08,1,1,1,1
GOOGL,2023-06-12,1,1,1,0
GOOGL,2023-06-16,1,0,0,0
GOOGL,2023-06-20,1,0,0,0
GOOGL,2023-06-23,2,0,0,0
GOOGL,2023-06-27,1,1,1,1
GOOGL,2023-06-29,1,1,1,1
GOOGL,2023-07-05,1,0,0,0
GOOGL,2023-07-11,1,1,1,1
GOOGL,2023-07-20,2,1,1,1
GOOGL,2023-07-21,3,1,1,1
GOOGL,2023-08-02,1,1,1,1
GOOGL,2023-08-04,1,1,1,1
GOOGL,2023-08-08,1,0,0,0
GOOGL,2023-08-15,1,0,0,0
GOOGL,2023-09-13,1,1,1,0
GOOGL,2023-09-20,1,0,0,0
GOOGL,2023-09-26,1,1,1,1
GOOGL,2023-09-27,1,1,1,1
GOOGL,2023-10-03,1,1,1,1
GOOGL,2023-10-05,1,1,1,1
GOOGL,2023-10-24,1,0,0,0
GOOGL,2023-10-25,2,0,0,1
GOOGL,2023-11-03,1,1,1,1
GOOGL,2023-11-10,1,0,1,1
GOOGL,2023-11-14,1,1,1,1
GOOGL,2023-11-15,2,1,1,1
GOOGL,2023-11-16,3,0,1,0
GOOGL,2023-11-17,1,1,1,1
GOOGL,2023-11-22,1,0,0,0
GOOGL,2023-11-29,1,0,0,0
GOOGL,2023-12-07,1,0,0,0
GOOGL,2023-12-11,1,0,0,1
GOOGL,2023-12-18,1,1,1,1
GOOGL,2023-12-21,1,1,0,0
GOOGL,2023-12-22,1,1,0,0
GOOGL,2023-12-29,1,0,0,0
GOOGL,2024-01-03,2,0,0,1
GOOGL,2024-01-09,3,1,1,1
GOOGL,2024-01-10,2,0,1,1
GOOGL,2024-01-17,2,1,1,1
GOOGL,2024-01-22,1,1,1,1
GOOGL,2024-01-24,1,1,1,0
GOOGL,2024-01-31,1,1,1,1
GOOGL,2024-02-07,2,1,1,1
GOOGL,2024-02-08,1,1,0,0
GOOGL,2024-02-09,1,0,0,0
GOOGL,2024-02-13,1,1,0,0
GOOGL,2024-02-20,1,1,1,0
GOOGL,2024-02-21,2,1,0,0
GOOGL,2024-02-22,1,0,0,0
GOOGL,2024-02-28,1,1,0,0
GOOGL,2024-03-01,1,0,0,0
GOOGL,2024-03-05,1,0,1,1
GOOGL,2024-03-06,1,1,1,1
GOOGL,2024-03-18,1,0,0,1
GOOGL,2024-03-26,1,1,1,1
GOOGL,2024-03-27,1,1,1,0
GOOGL,2024-03-28,2,1,1,1
GOOGL,2024-04-02,1,1,0,1
GOOGL,2024-04-03,1,0,0,1
GOOGL,2024-04-09,2,0,1,0
GOOGL,2024-04-10,1,1,0,0
GOOGL,2024-04-19,1,1,1,1
GOOGL,2024-04-24,1,0,1,1
GOOGL,2024-04-26,2,0,0,0
GOOGL,2024-05-01,3,1,1,1
GOOGL,2024-05-02,2,1,1,1
GOOGL,2024-05-14,1,1,1,1
GOOGL,2024-05-17,3,1,1,0
GOOGL,2024-05-22,1,0,1,0
GOOGL,2024-05-23,1,1,1,0
GOOGL,2024-05-24,3,1,0,0
GOOGL,2024-06-03,1,1,1,1
GOOGL,2024-06-04,1,1,1,1
GOOGL,2024-06-12,1,0,0,0
GOOGL,2024-06-13,2,1,0,1
GOOGL,2024-06-17,1,0,1,1
GOOGL,2024-06-24,2,1,1,1
GOOGL,2024-06-25,1,0,0,1
GOOGL,2024-07-01,1,1,1,1
GOOGL,2024-07-03,1,1,1,0
GOOGL,2024-07-09,1,1,0,0
GOOGL,2024-07-11,1,0,0,0
GOOGL,2024-07-17,2,0,1,0
GOOGL,2024-07-18,2,0,1,0
GOOGL,2024-07-22,3,1,0,0
GOOGL,2024-07-23,2,0,0,0
GOOGL,2024-07-31,2,0,0,0
GOOGL,2024-08-01,1,0,0,0
GOOGL,2024-08-06,1,1,1,1
GOOGL,2024-08-07,1,1,1,1
GOOGL,2024-08-08,1,1,1,0
GOOGL,2024-08-09,3,0,0,0
GOOGL,2024-08-13,2,0,0,1
GOOGL,2024-08-21,1,0,1,0
GOOGL,2024-08-22,2,1,1,0
GOOGL,2024-08-23,1,1,0,0
GOOGL,2024-08-29,2,1,0,0
GOOGL,2024-08-30,1,0,0,0
GOOGL,2024-09-04,1,1,0,0
GOOGL,2024-09-10,1,1,1,1
GOOGL,2024-09-12,1,1,1,1
GOOGL,2024-09-16,2,1,1,1
GOOGL,2024-09-18,1,1,1,1
GOOGL,2024-09-20,1,0,0,1
GOOGL,2024-10-02,1,0,0,0
GOOGL,2024-10-03,1,1,0,0
GOOGL,2024-10-04,2,0,0,0
GOOGL,2024-10-07,1,1,0,1
GOOGL,2024-10-09,2,1,1,1
GOOGL,2024-10-11,3,1,1,1
GOOGL,2024-10-14,1,1,0,0
GOOGL,2024-10-16,1,0,0,0
GOOGL,2024-10-22,2,0,1,1
GOOGL,2024-10-23,1,0,1,1
GOOGL,2024-10-28,1,1,1,1
GOOGL,2024-10-30,4,0,0,1
GOOGL,2024-11-01,1,0,1,1
GOOGL,2024-11-04,2,1,1,1
GOOGL,2024-11-07,1,0,1,0
GOOGL,2024-11-11,1,1,0,0
GOOGL,2024-11-12,1,0,0,0
GOOGL,2024-11-13,1,0,0,0
GOOGL,2024-11-18,1,1,0,0
GOOGL,2024-11-19,2,0,0,0
GOOGL,2024-12-02,3,0,1,1
GOOGL,2024-12-03,2,1,1,1
GOOGL,2024-12-04,1,0,1,1
GOOGL,2024-12-06,1,1,1,1
GOOGL,2024-12-09,1,1,1,1
GOOGL,2024-12-10,1,1,1,1
GOOGL,2024-12-18,2,1,1,1
GOOGL,2024-12-23,1,1,0,0
GOOGL,2024-12-31,1,1,1,1
GOOGL,2025-01-03,1,1,1,0
GOOGL,2025-01-07,1,0,0,1
GOOGL,2025-01-08,1,0,0,0
GOOGL,2025-01-10,1,0,1,1
GOOGL,2025-01-13,1,0,1,1
GOOGL,2025-01-14,1,1,1,1
GOOGL,2025-01-15,1,0,1,1
GOOGL,2025-01-16,2,1,1,1
GOOGL,2025-01-24,1,0,0,1
GOOGL,2025-01-27,1,1,1,1
GOOGL,2025-01-30,1,1,1,0
GOOGL,2025-02-03,1,1,0,0
GOOGL,2025-02-04,5,0,0,0
GOOGL,2025-02-05,7,1,0,0
GOOGL,2025-02-06,4,0,0,0
GOOGL,2025-02-07,1,1,0,0
GOOGL,2025-02-10,2,0,0,0
GOOGL,2025-02-12,1,1,1,1
GOOGL,2025-02-19,2,0,0,0
GOOGL,2025-02-20,2,0,0,0
GOOGL,2025-02-21,1,0,0,0
GOOGL,2025-03-03,1,1,1,0
GOOGL,2025-03-04,1,1,1,0
GOOGL,2025-03-05,1,0,0,0
GOOGL,2025-03-07,1,0,0,0
GOOGL,2025-03-10,2,0,0,0
GOOGL,2025-03-12,1,0,0,0
GOOGL,2025-03-17,1,0,0,1
GOOGL,2025-03-18,2,1,1,1
GOOGL,2025-03-19,3,0,1,1
GOOGL,2025-03-20,3,1,1,0
GOOGL,2025-03-21,1,1,1,0
GOOGL,2025-03-27,2,0,0,0
GOOGL,2025-03-28,2,1,1,0
GOOGL,2025-03-31,2,1,0,0
GOOGL,2025-04-01,2,0,0,0
GOOGL,2025-04-07,1,0,1,1
GOOGL,2025-04-08,1,1,1,1
GOOGL,2025-04-09,1,0,1,0
GOOGL,2025-04-10,1,1,1,0
GOOGL,2025-04-15,4,0,0,0
GOOGL,2025-04-16,2,0,0,1
GOOGL,2025-04-21,1,1,1,1
GOOGL,2025-04-22,2,1,1,1
GOOGL,2025-04-24,5,1,1,1
GOOGL,2025-04-25,5,0,0,1
GOOGL,2025-04-28,2,0,1,1
GOOGL,2025-04-29,3,0,1,1
GOOGL,2025-05-02,2,1,0,0
GOOGL,2025-05-05,1,0,0,0
GOOGL,2025-05-06,1,0,0,0
GOOGL,2025-05-07,2,1,1,1
GOOGL,2025-05-08,1,0,1,1
GOOGL,2025-05-09,1,1,1,1
GOOGL,2025-05-13,1,1,1,1
GOOGL,2025-05-14,1,0,1,1
GOOGL,2025-05-15,2,1,1,1
GOOGL,2025-05-20,2,1,1,1
GOOGL,2025-05-21,3,1,1,1
GOOGL,2025-05-22,1,0,1,1
GOOGL,2025-05-23,2,1,1,1
GOOGL,2025-05-27,1,0,0,0
GOOGL,2025-05-30,2,0,0,1
GOOGL,2025-06-04,1,1,1,1
GOOGL,2025-06-06,2,1,1,1
GOOGL,2025-06-09,2,1,0,1
GOOGL,2025-06-10,3,0,0,0
GOOGL,2025-06-13,1,1,0,0
GOOGL,2025-06-16,2,0,0,0
GOOGL,2025-06-17,2,0,0,0
GOOGL,2025-06-20,2,0,1,1
GOOGL,2025-06-24,4,1,1,1
GOOGL,2025-06-25,1,1,1,1
GOOGL,2025-06-27,1,0,1,0
GOOGL,2025-07-01,1,1,1,1
GOOGL,2025-07-10,1,1,1,1
GOOGL,2025-07-11,2,1,1,1
GOOGL,2025-07-14,1,1,1,1
GOOGL,2025-07-16,3,1,1,1
GOOGL,2025-07-17,1,1,1,1
GOOGL,2025-07-21,6,1,1,1
GOOGL,2025-07-22,4,0,1,1
GOOGL,2025-07-23,24,1,1,1
GOOGL,2025-07-24,14,1,1,0
GOOGL,2025-07-25,7,0,1,0
GOOGL,2025-07-29,1,1,0,0
GOOGL,2025-07-30,1,0,0,0
GOOGL,2025-07-31,1,0,1,1
GOOGL,2025-08-01,2,1,1,1
GOOGL,2025-08-05,2,1,1,1
GOOGL,2025-08-06,1,1,1,1
GOOGL,2025-08-07,3,1,1,1
GOOGL,2025-08-08,1,0,1,1
GOOGL,2025-08-11,1,1,1,1
GOOGL,2025-08-12,3,0,1,0
GOOGL,2025-08-14,1,1,0,0
GOOGL,2025-08-15,2,0,0,1
GOOGL,2025-08-18,1,0,0,1
GOOGL,2025-08-19,2,0,1,1
GOOGL,2025-08-20,1,1,1,1
GOOGL,2025-08-21,3,1,1,1
GOOGL,2025-08-22,2,1,1,1
GOOGL,2025-08-25,4,0,1,1
GOOGL,2025-08-26,3,1,1,1
GOOGL,2025-08-27,1,1,1,1
GOOGL,2025-08-28,3,1,1,1
GOOGL,2025-08-29,1,0,1,1
GOOGL,2025-09-02,2,1,1,1
GOOGL,2025-09-03,10,1,1,1
GOOGL,2025-09-04,1,1,1,1
GOOGL,2025-09-05,2,0,1,1
GOOGL,2025-09-08,3,1,1,1
GOOGL,2025-09-09,4,0,1,1
GOOGL,2025-09-10,1,1,1,1
GOOGL,2025-09-11,3,1,1,1
GOOGL,2025-09-12,4,1,1,1
GOOGL,2025-09-15,5,0,1,1
GOOGL,2025-09-16,2,0,1,1
GOOGL,2025-09-17,2,1,1,0
GOOGL,2025-09-18,3,1,0,0
GOOGL,2025-09-19,1,0,0,0
GOOGL,2025-09-22,1,0,0,0
GOOGL,2025-09-23,1,0,0,0
GOOGL,2025-09-25,3,1,0,0
GOOGL,2025-09-26,1,0,0,0
GOOGL,2025-09-30,2,1,1,1
GOOGL,2025-10-01,1,1,1,0
GOOGL,2025-10-02,3,0,1,0
GOOGL,2025-10-06,3,0,0,0
GOOGL,2025-10-07,1,0,0,0
GOOGL,2025-10-08,1,0,0,1
GOOGL,2025-10-09,3,0,1,1
GOOGL,2025-10-13,1,1,1,1
GOOGL,2025-10-14,8,1,1,1
GOOGL,2025-10-16,5,1,0,1
GOOGL,2025-10-17,1,1,0,1
GOOGL,2025-10-20,1,0,0,1
GOOGL,2025-10-21,5,1,1,1
GOOGL,2025-10-22,5,1,1,1
GOOGL,2025-10-23,1,1,1,1
GOOGL,2025-10-24,3,1,1,1
GOOGL,2025-10-27,5,0,1,1
GOOGL,2025-10-28,3,1,1,1
GOOGL,2025-10-29,17,1,1,1
GOOGL,2025-10-30,35,0,0,1
GOOGL,2025-10-31,10,1,1,0
GOOGL,2025-11-03,5,0,1,1
GOOGL,2025-11-05,1,1,1,1
GOOGL,2025-11-06,5,0,1,0
GOOGL,2025-11-07,1,1,1,0
GOOGL,2025-11-10,2,1,0,0
GOOGL,2025-11-11,4,0,0,0
GOOGL,2025-11-12,6,0,0,1
GOOGL,2025-11-13,1,0,1,1
GOOGL,2025-11-14,2,1,1,1
GOOGL,2025-11-17,15,0,1,1
GOOGL,2025-11-18,3,1,1,1
GOOGL,2025-11-19,7,0,1,1
GOOGL,2025-11-20,5,1,1,1
GOOGL,2025-11-21,7,1,1,1
GOOGL,2025-11-24,10,1,1,0
GOOGL,2025-11-25,10,0,0,0
GOOGL,2025-11-26,5,1,0,0
GOOGL,2025-11-28,5,0,0,1
GOOGL,2025-12-01,3,1,1,0
GOOGL,2025-12-02,2,1,1,1
GOOGL,2025-12-03,4,0,0,1
GOOGL,2025-12-04,6,1,0,0
GOOGL,2025-12-05,5,0,0,0
GOOGL,2025-12-08,2,1,0,0
GOOGL,2025-12-09,2,1,0,0
GOOGL,2025-12-10,6,0,0,0
GOOGL,2025-12-11,5,0,0,0
GOOGL,2025-12-12,2,0,0,0
GOOGL,2025-12-15,3,0,0,1
GOOGL,2025-12-16,4,0,1,1
GOOGL,2025-12-17,4,1,1,1
GOOGL,2025-12-18,2,1,1,1
GOOGL,2025-12-19,1,1,1,1
GOOGL,2025-12-22,4,1,1,1
GOOGL,2025-12-23,1,0,0,0
GOOGL,2025-12-26,1,1,0,1
GOOGL,2025-12-31,3,1,1,1
GOOGL,2026-01-02,2,1,1,1
GOOGL,2026-01-05,2,0,1,1
GOOGL,2026-01-06,4,1,1,1
GOOGL,2026-01-07,5,1,1,1
GOOGL,2026-01-08,4,1,1,1
GOOGL,2026-01-09,6,1,1,1
GOOGL,2026-01-12,7,1,1,0
GOOGL,2026-01-13,7,0,0,0
GOOGL,2026-01-14,2,0,0,0
GOOGL,2026-01-15,2,0,0,0
GOOGL,2026-01-16,4,0,1,1
GOOGL,2026-01-20,1,1,1,1
GOOGL,2026-01-21,2,1,1,1
GOOGL,2026-01-22,3,0,1,1
GOOGL,2026-01-23,2,1,1,1
GOOGL,2026-01-26,2,1,1,1
GOOGL,2026-01-27,2,1,1,1
GOOGL,2026-01-28,3,1,1,0
GOOGL,2026-01-29,3,0,1,0
GOOGL,2026-01-30,7,1,0,0
GOOGL,2026-02-02,9,0,0,0
GOOGL,2026-02-03,8,0,0,0
GOOGL,2026-02-04,32,0,0,0
GOOGL,2026-02-05,25,0,0,0
GOOGL,2026-02-06,15,1,0,0
GOOGL,2026-02-09,6,0,0,0
GOOGL,2026-02-10,6,0,0,0
GOOGL,2026-02-11,6,0,0,0
GOOGL,2026-02-12,4,0,0,1
GOOGL,2026-02-13,5,0,0,1
GOOGL,2026-02-17,2,1,1,1
GOOGL,2026-02-18,8,0,1,1
GOOGL,2026-02-19,2,1,1,1
GOOGL,2026-02-20,5,0,0,0
GOOGL,2026-02-23,7,0,0,0
GOOGL,2026-02-24,2,1,1,0
GOOGL,2026-02-25,5,0,0,0
GOOGL,2026-02-26,7,1,0,0
META,2015-04-24,1,1,0,0
META,2016-05-31,1,0,0,0
META,2018-01-11,1,0,0,0
META,2019-05-03,1,0,0,0
META,2019-08-15,1,1,1,0
META,2020-05-05,1,1,1,1
META,2020-07-01,1,0,1,1
META,2021-01-14,1,1,1,1
META,2021-07-21,1,1,1,1
META,2021-08-02,1,0,1,1
META,2021-10-06,1,0,0,0
META,2021-10-26,1,0,1,1
META,2021-11-01,1,0,1,1
META,2021-11-03,1,1,1,0
META,2021-11-26,1,1,0,0
META,2021-11-29,1,0,0,0
META,2022-01-27,1,1,1,0
META,2022-02-03,1,0,0,0
META,2022-02-04,1,0,0,0
META,2022-02-17,1,0,0,1
META,2022-04-06,1,0,0,0
META,2022-04-28,1,0,1,1
META,2022-05-12,1,1,1,1
META,2022-06-02,1,0,0,0
META,2022-06-09,2,0,0,0
META,2022-06-10,1,0,0,0
META,2022-06-28,1,1,0,1
META,2022-06-29,1,0,1,1
META,2022-07-25,1,0,0,0
META,2022-07-26,2,1,0,1
META,2022-07-27,5,0,0,0
META,2022-07-28,2,0,0,1
META,2022-10-18,1,1,0,1
META,2022-10-20,1,0,1,0
META,2022-10-27,1,1,0,0
META,2022-10-31,1,1,0,1
META,2022-11-04,1,1,1,1
META,2022-11-09,1,1,1,1
META,2022-11-10,1,1,1,0
META,2022-11-23,1,0,0,1
META,2022-12-08,1,1,1,1
META,2023-01-05,1,1,1,1
META,2023-02-02,2,0,1,0
META,2023-03-02,1,1,1,1
META,2023-03-07,1,1,0,1
META,2023-03-13,1,1,1,1
META,2023-03-14,1,1,1,1
META,2023-04-24,1,0,1,1
META,2023-04-27,2,1,1,0
META,2023-04-28,1,1,0,0
META,2023-05-11,2,0,1,1
META,2023-05-22,1,0,1,1
META,2023-05-23,1,1,1,1
META,2023-06-07,1,1,1,1
META,2023-07-05,1,0,0,1
META,2023-07-17,1,1,0,0
META,2023-07-25,1,1,1,1
META,2023-07-26,1,1,1,1
META,2023-08-02,1,0,1,0
META,2023-08-09,1,1,1,0
META,2023-08-21,1,0,0,1
META,2023-09-01,1,1,1,1
META,2023-09-15,2,1,0,0
META,2023-10-10,1,1,0,1
META,2023-10-17,1,0,0,0
META,2023-11-02,1,1,1,1
META,2023-11-28,1,0,0,0
META,2023-12-18,1,1,1,1
META,2023-12-26,1,1,0,0
META,2023-12-27,1,1,0,0
META,2024-01-03,1,1,1,1
META,2024-01-17,1,1,1,1
META,2024-01-18,1,1,1,1
META,2024-02-01,2,1,1,1
META,2024-02-02,1,0,0,0
META,2024-02-08,2,0,0,1
META,2024-02-09,1,1,1,1
META,2024-02-12,1,0,1,1
META,2024-02-16,1,0,1,1
META,2024-02-29,1,1,1,1
META,2024-03-01,1,0,0,1
META,2024-03-04,1,0,1,0
META,2024-03-06,1,1,0,0
META,2024-03-12,1,0,0,0
META,2024-03-14,1,0,1,1
META,2024-04-03,1,1,1,1
META,2024-04-05,1,0,0,0
META,2024-04-09,1,1,0,0
META,2024-04-11,1,0,0,0
META,2024-04-17,1,1,0,0
META,2024-04-18,1,0,0,0
META,2024-04-24,2,0,0,0
META,2024-04-25,1,1,0,1
META,2024-04-30,2,1,1,1
META,2024-05-02,1,1,1,1
META,2024-05-17,1,0,0,1
META,2024-05-20,1,0,0,1
META,2024-05-30,1,0,1,1
META,2024-06-04,1,1,1,1
META,2024-06-07,1,1,1,1
META,2024-06-24,1,1,1,1
META,2024-06-26,1,1,0,0
META,2024-06-28,1,1,1,1
META,2024-07-03,1,1,1,1
META,2024-07-09,1,1,0,0
META,2024-07-17,1,1,1,0
META,2024-07-23,1,0,0,0
META,2024-07-24,1,0,1,1
META,2024-07-25,1,1,1,1
META,2024-07-31,1,1,1,1
META,2024-08-01,1,0,0,1
META,2024-08-05,1,1,1,1
META,2024-08-06,1,0,1,1
META,2024-08-09,3,0,1,1
META,2024-08-14,1,1,1,1
META,2024-08-20,1,1,1,0
META,2024-08-21,1,0,0,0
META,2024-08-26,1,0,0,0
META,2024-09-06,1,1,1,1
META,2024-09-18,1,1,1,1
META,2024-09-20,1,1,1,1
META,2024-09-25,1,0,1,1
META,2024-09-27,2,1,1,1
META,2024-10-01,1,0,1,1
META,2024-10-03,1,1,1,1
META,2024-10-04,1,0,0,0
META,2024-10-07,1,1,0,1
META,2024-10-14,1,0,0,0
META,2024-10-22,1,0,0,1
META,2024-10-28,1,1,0,0
META,2024-10-31,2,0,1,1
META,2024-11-04,1,1,1,1
META,2024-11-05,1,0,1,1
META,2024-11-07,1,0,0,0
META,2024-11-15,1,1,1,1
META,2024-11-20,1,0,0,1
META,2024-11-29,1,1,1,1
META,2024-12-16,2,0,0,0
META,2025-01-07,1,0,0,0
META,2025-01-15,1,0,0,1
META,2025-01-16,1,1,1,1
META,2025-01-21,1,1,1,1
META,2025-01-24,2,1,1,1
META,2025-01-27,2,1,1,1
META,2025-01-29,2,1,1,1
META,2025-01-30,1,1,1,1
META,2025-01-31,1,1,1,1
META,2025-02-07,1,1,1,1
META,2025-02-11,1,1,1,0
META,2025-02-14,3,0,0,0
META,2025-02-18,2,0,0,0
META,2025-02-19,4,0,0,0
META,2025-02-24,1,0,0,0
META,2025-02-28,3,0,0,0
META,2025-03-03,2,0,0,0
META,2025-03-06,1,0,0,0
META,2025-03-07,2,0,0,0
META,2025-03-12,1,0,0,0
META,2025-03-18,1,1,1,1
META,2025-03-19,1,1,1,1
META,2025-03-20,1,1,1,1
META,2025-03-26,4,0,0,0
META,2025-03-27,1,0,0,0
META,2025-04-01,1,0,0,0
META,2025-04-02,1,0,0,1
META,2025-04-03,2,0,0,1
META,2025-04-04,3,1,1,1
META,2025-04-07,1,0,1,1
META,2025-04-09,2,0,0,0
META,2025-04-10,1,0,0,0
META,2025-04-11,2,0,0,0
META,2025-04-14,1,0,0,0
META,2025-04-15,1,0,0,0
META,2025-04-17,1,0,1,1
META,2025-04-24,1,1,1,1
META,2025-04-28,1,1,1,1
META,2025-04-30,10,1,1,1
META,2025-05-01,2,1,1,1
META,2025-05-02,1,1,0,0
META,2025-05-06,1,1,1,1
META,2025-05-07,1,1,1,1
META,2025-05-08,2,0,1,1
META,2025-05-15,1,0,0,0
META,2025-05-16,1,1,0,0
META,2025-05-20,2,0,0,1
META,2025-05-23,1,1,1,1
META,2025-05-29,1,1,1,1
META,2025-06-04,2,0,1,1
META,2025-06-09,1,1,0,1
META,2025-06-10,1,0,0,0
META,2025-06-11,1,0,1,1
META,2025-06-12,3,0,1,0
META,2025-06-13,2,1,1,1
META,2025-06-16,5,0,0,1
META,2025-06-18,4,0,1,1
META,2025-06-20,1,1,1,1
META,2025-06-24,2,0,1,1
META,2025-06-26,1,1,0,0
META,2025-06-27,1,1,0,0
META,2025-06-30,2,0,0,0
META,2025-07-01,2,0,0,1
META,2025-07-02,2,1,1,1
META,2025-07-03,1,0,1,0
META,2025-07-07,3,1,1,1
META,2025-07-08,2,1,0,0
META,2025-07-09,4,0,0,0
META,2025-07-11,3,1,0,0
META,2025-07-14,2,0,0,0
META,2025-07-15,2,0,0,0
META,2025-07-16,3,0,1,1
META,2025-07-17,10,1,1,1
META,2025-07-18,5,1,1,1
META,2025-07-21,3,0,1,1
META,2025-07-22,1,1,1,0
META,2025-07-23,2,1,1,0
META,2025-07-25,2,1,0,1
META,2025-07-28,1,0,1,1
META,2025-07-29,2,0,1,1
META,2025-07-30,18,1,1,1
META,2025-07-31,6,0,0,0
META,2025-08-04,4,0,0,0
META,2025-08-05,1,1,1,1
META,2025-08-06,3,0,0,1
META,2025-08-08,1,0,1,1
META,2025-08-12,2,0,0,0
META,2025-08-13,3,1,0,0
META,2025-08-14,2,1,0,0
META,2025-08-18,2,0,0,0
META,2025-08-19,1,0,1,1
META,2025-08-20,1,0,1,0
META,2025-08-21,1,1,1,1
META,2025-08-22,1,0,0,0
META,2025-08-25,1,1,0,0
META,2025-08-26,3,0,0,0
META,2025-08-27,3,1,0,1
META,2025-08-28,1,0,0,1
META,2025-08-29,2,0,1,1
META,2025-09-03,6,1,1,1
META,2025-09-05,1,0,0,1
META,2025-09-08,1,1,0,1
META,2025-09-10,2,0,1,1
META,2025-09-12,3,1,1,1
META,2025-09-15,1,1,1,1
META,2025-09-16,1,0,0,0
META,2025-09-17,3,1,0,0
META,2025-09-18,1,0,0,0
META,2025-09-19,2,0,0,0
META,2025-09-22,3,0,0,0
META,2025-09-23,2,1,0,0
META,2025-09-25,2,0,0,0
META,2025-09-26,2,0,0,0
META,2025-09-29,2,0,0,0
META,2025-09-30,4,0,0,0
META,2025-10-01,4,1,0,1
META,2025-10-03,6,1,1,0
META,2025-10-06,2,0,1,1
META,2025-10-07,1,1,0,0
META,2025-10-08,2,1,0,0
META,2025-10-09,2,0,0,0
META,2025-10-10,2,1,1,1
META,2025-10-13,2,0,0,1
META,2025-10-14,3,1,1,1
META,2025-10-15,1,0,1,1
META,2025-10-16,1,1,1,1
META,2025-10-17,4,1,1,1
META,2025-10-20,2,1,1,1
META,2025-10-21,1,1,1,1
META,2025-10-22,2,1,1,1
META,2025-10-23,5,1,1,0
META,2025-10-24,3,1,1,0
META,2025-10-27,4,1,0,0
META,2025-10-28,4,1,0,0
META,2025-10-29,33,0,0,0
META,2025-10-30,42,0,0,0
META,2025-10-31,12,0,0,0
META,2025-11-03,2,0,0,0
META,2025-11-04,7,1,0,0
META,2025-11-05,6,0,0,0
META,2025-11-06,8,1,1,0
META,2025-11-07,13,1,0,0
META,2025-11-10,5,0,0,0
META,2025-11-11,6,0,0,0
META,2025-11-12,8,1,0,0
META,2025-11-13,3,0,0,0
META,2025-11-14,4,0,0,0
META,2025-11-17,4,0,0,1
META,2025-11-18,9,0,0,1
META,2025-11-19,3,0,1,1
META,2025-11-20,6,1,1,1
META,2025-11-21,8,1,1,1
META,2025-11-24,4,1,1,1
META,2025-11-25,2,0,1,1
META,2025-11-26,5,1,1,1
META,2025-11-28,2,0,0,1
META,2025-12-01,4,1,1,1
META,2025-12-02,3,0,1,1
META,2025-12-04,12,1,0,0
META,2025-12-05,5,0,0,0
META,2025-12-08,2,0,0,0
META,2025-12-09,4,0,0,1
META,2025-12-10,5,1,0,0
META,2025-12-11,1,0,1,1
META,2025-12-12,7,1,1,1
META,2025-12-15,8,1,1,1
META,2025-12-16,2,0,1,1
META,2025-12-17,3,1,1,1
META,2025-12-18,3,0,1,0
META,2025-12-19,2,1,1,0
META,2025-12-22,3,1,1,1
META,2025-12-23,4,1,0,0
META,2025-12-24,3,0,0,0
META,2025-12-29,5,1,0,1
META,2025-12-30,10,0,0,0
META,2025-12-31,2,0,1,0
META,2026-01-02,4,1,0,1
META,2026-01-05,4,1,0,0
META,2026-01-06,7,0,0,0
META,2026-01-07,6,0,0,0
META,2026-01-08,5,1,0,0
META,2026-01-09,4,0,0,0
META,2026-01-12,4,0,0,0
META,2026-01-13,7,0,0,0
META,2026-01-14,3,1,0,1
META,2026-01-15,5,0,0,1
META,2026-01-16,3,0,1,1
META,2026-01-20,5,1,1,1
META,2026-01-21,8,1,1,1
META,2026-01-22,10,1,1,1
META,2026-01-23,9,1,1,1
META,2026-01-26,10,1,1,1
META,2026-01-27,13,0,1,1
META,2026-01-28,36,1,1,1
META,2026-01-29,26,0,0,0
META,2026-01-30,22,0,0,0
META,2026-02-02,4,0,0,0
META,2026-02-03,6,0,0,0
META,2026-02-04,7,1,1,0
META,2026-02-05,6,0,1,0
META,2026-02-06,2,1,1,0
META,2026-02-09,2,0,0,0
META,2026-02-10,4,0,0,0
META,2026-02-11,6,0,0,0
META,2026-02-12,4,0,0,1
META,2026-02-13,3,0,1,0
META,2026-02-17,5,1,1,1
META,2026-02-18,4,1,0,1
META,2026-02-19,8,1,0,1
META,2026-02-20,2,0,0,0
META,2026-02-23,5,1,1,1
META,2026-02-24,15,1,1,1
META,2026-02-25,8,1,0,1
META,2026-02-26,5,0,0,1
MSFT,2011-11-11,1,0,0,0
MSFT,2012-10-16,1,1,0,0
MSFT,2013-02-25,1,0,1,1
MSFT,2013-07-02,1,1,1,1
MSFT,2013-07-19,1,1,1,1
MSFT,2013-10-02,1,0,0,0
MSFT,2014-05-05,1,0,1,1
MSFT,2014-08-19,1,0,0,0
MSFT,2015-04-24,1,1,1,1
MSFT,2015-10-20,1,0,1,1
MSFT,2015-12-03,1,1,1,1
MSFT,2015-12-09,1,1,1,1
MSFT,2016-03-31,1,1,0,0
MSFT,2016-05-10,1,1,1,0
MSFT,2016-11-02,1,0,1,1
MSFT,2017-01-03,1,0,1,1
MSFT,2017-07-19,1,1,0,1
MSFT,2017-07-21,1,0,1,0
MSFT,2017-08-31,1,0,0,0
MSFT,2017-10-09,1,0,1,1
MSFT,2017-10-20,1,1,0,1
MSFT,2017-11-08,1,0,0,0
MSFT,2017-11-09,1,0,0,0
MSFT,2017-12-12,1,0,1,1
MSFT,2018-07-17,1,0,1,1
MSFT,2018-11-13,1,0,1,0
MSFT,2018-11-29,1,1,0,0
MSFT,2018-12-14,1,0,0,0
MSFT,2019-01-15,1,1,1,1
MSFT,2019-01-17,1,1,1,1
MSFT,2019-03-04,1,0,0,1
MSFT,2019-03-15,1,1,1,1
MSFT,2019-04-26,1,0,0,0
MSFT,2019-06-26,1,1,1,1
MSFT,2019-11-20,1,0,1,1
MSFT,2020-04-30,1,0,1,1
MSFT,2020-06-03,1,0,1,1
MSFT,2020-07-20,2,0,0,0
MSFT,2020-08-07,1,0,0,0
MSFT,2020-08-11,1,1,1,1
MSFT,2020-09-22,1,0,1,0
MSFT,2020-09-24,2,1,1,1
MSFT,2020-10-12,1,1,0,0
MSFT,2020-10-30,1,0,1,1
MSFT,2020-11-10,1,1,1,1
MSFT,2020-12-29,1,0,0,0
MSFT,2021-02-02,1,1,1,1
MSFT,2021-02-03,1,0,0,0
MSFT,2021-02-12,1,0,0,0
MSFT,2021-04-07,1,1,1,1
MSFT,2021-04-08,1,1,1,1
MSFT,2021-04-12,1,1,1,1
MSFT,2021-06-08,1,1,1,1
MSFT,2021-06-17,1,0,1,1
MSFT,2021-07-29,1,0,1,1
MSFT,2021-08-16,1,0,1,1
MSFT,2021-08-20,1,1,0,0
MSFT,2021-09-29,2,0,0,1
MSFT,2021-10-22,1,0,1,1
MSFT,2021-11-03,1,1,1,0
MSFT,2021-11-30,1,0,0,1
MSFT,2021-12-01,2,0,0,1
MSFT,2021-12-14,1,1,0,0
MSFT,2022-01-18,1,1,0,0
MSFT,2022-01-19,2,0,0,0
MSFT,2022-01-20,2,0,0,0
MSFT,2022-04-04,1,0,0,0
MSFT,2022-04-05,1,0,0,0
MSFT,2022-05-23,1,0,1,1
MSFT,2022-06-16,1,1,1,1
MSFT,2022-06-29,1,0,1,1
MSFT,2022-09-13,1,1,0,0
MSFT,2022-09-30,1,1,1,1
MSFT,2022-10-13,1,0,1,1
MSFT,2022-10-24,1,1,0,0
MSFT,2022-10-26,2,0,1,0
MSFT,2022-11-10,1,1,0,0
MSFT,2022-11-11,1,0,0,0
MSFT,2022-11-16,1,0,1,1
MSFT,2022-11-25,1,0,1,1
MSFT,2022-12-12,2,1,0,0
MSFT,2023-01-18,3,0,1,1
MSFT,2023-01-23,3,0,1,1
MSFT,2023-01-24,2,0,1,1
MSFT,2023-02-22,1,1,0,0
MSFT,2023-02-23,1,0,0,0
MSFT,2023-03-14,1,1,1,1
MSFT,2023-03-27,1,0,1,1
MSFT,2023-03-29,1,1,1,1
MSFT,2023-04-06,1,0,0,0
MSFT,2023-04-10,1,0,1,0
MSFT,2023-04-14,1,1,1,0
MSFT,2023-04-26,1,1,1,1
MSFT,2023-04-27,1,1,1,1
MSFT,2023-05-09,1,1,1,1
MSFT,2023-06-12,1,1,1,1
MSFT,2023-06-16,1,0,0,0
MSFT,2023-06-29,1,1,1,1
MSFT,2023-07-11,1,1,1,1
MSFT,2023-07-12,2,1,1,1
MSFT,2023-07-14,1,1,1,0
MSFT,2023-07-24,1,1,0,0
MSFT,2023-07-26,1,0,0,0
MSFT,2023-07-27,1,1,1,0
MSFT,2023-07-28,1,0,0,0
MSFT,2023-08-22,2,1,1,1
MSFT,2023-08-30,1,0,1,1
MSFT,2023-09-15,1,0,0,0
MSFT,2023-09-19,1,0,0,0
MSFT,2023-10-03,1,1,1,1
MSFT,2023-10-12,1,0,1,1
MSFT,2023-10-25,1,0,0,1
MSFT,2023-10-26,1,1,1,1
MSFT,2023-11-15,1,1,1,1
MSFT,2023-11-20,1,0,0,1
MSFT,2023-11-21,2,1,1,1
MSFT,2023-11-27,1,1,1,0
MSFT,2023-11-29,1,1,0,0
MSFT,2023-12-12,2,0,0,0
MSFT,2023-12-14,1,1,1,1
MSFT,2023-12-27,1,1,0,0
MSFT,2023-12-28,1,1,0,0
MSFT,2023-12-29,2,0,0,0
MSFT,2024-01-10,1,1,1,1
MSFT,2024-01-11,1,1,1,1
MSFT,2024-01-12,3,1,1,1
MSFT,2024-01-24,1,1,1,0
MSFT,2024-01-30,2,0,1,0
MSFT,2024-01-31,1,1,1,1
MSFT,2024-02-07,1,1,1,0
MSFT,2024-02-16,3,0,1,1
MSFT,2024-02-20,1,0,1,1
MSFT,2024-02-22,1,0,0,1
MSFT,2024-02-23,1,0,0,1
MSFT,2024-02-29,1,1,0,0
MSFT,2024-03-07,1,0,1,1
MSFT,2024-03-08,1,0,1,1
MSFT,2024-03-14,1,0,0,1
MSFT,2024-04-17,2,0,0,0
MSFT,2024-04-19,1,1,1,1
MSFT,2024-04-25,1,1,0,0
MSFT,2024-04-26,3,0,0,1
MSFT,2024-05-06,1,0,0,1
MSFT,2024-05-07,1,1,1,1
MSFT,2024-05-13,1,1,1,1
MSFT,2024-05-14,1,1,1,1
MSFT,2024-05-17,1,1,1,1
MSFT,2024-05-20,3,1,1,1
MSFT,2024-05-22,2,0,0,0
MSFT,2024-05-28,1,0,0,0
MSFT,2024-05-30,1,1,1,1
MSFT,2024-05-31,1,0,1,1
MSFT,2024-06-03,2,1,1,1
MSFT,2024-06-04,2,1,1,1
MSFT,2024-06-07,1,1,1,1
MSFT,2024-06-18,1,0,1,1
MSFT,2024-06-27,1,0,1,1
MSFT,2024-07-02,1,1,1,1
MSFT,2024-07-03,1,1,0,0
MSFT,2024-07-08,1,0,0,0
MSFT,2024-07-11,1,0,0,0
MSFT,2024-07-18,1,0,1,0
MSFT,2024-07-19,6,1,0,0
MSFT,2024-07-30,1,0,0,0
MSFT,2024-07-31,3,0,0,0
MSFT,2024-08-06,2,0,1,1
MSFT,2024-08-09,1,1,1,1
MSFT,2024-08-22,1,1,0,0
MSFT,2024-08-28,1,1,0,0
MSFT,2024-09-11,1,1,1,1
MSFT,2024-09-12,1,1,1,1
MSFT,2024-09-13,1,1,1,1
MSFT,2024-09-19,1,0,0,0
MSFT,2024-09-23,1,0,0,0
MSFT,2024-09-24,2,1,0,0
MSFT,2024-09-25,1,0,0,0
MSFT,2024-10-18,1,1,1,1
MSFT,2024-10-24,1,1,1,0
MSFT,2024-10-25,4,0,1,0
MSFT,2024-10-28,1,1,0,0
MSFT,2024-10-31,1,1,1,1
MSFT,2024-11-01,1,0,1,1
MSFT,2024-11-07,1,0,0,1
MSFT,2024-11-11,1,1,1,0
MSFT,2024-11-13,1,1,0,0
MSFT,2024-12-03,1,1,1,1
MSFT,2024-12-06,1,1,1,1
MSFT,2024-12-09,1,0,1,1
MSFT,2024-12-10,2,1,1,1
MSFT,2024-12-11,2,1,1,0
MSFT,2024-12-17,1,0,0,0
MSFT,2025-01-03,2,1,1,0
MSFT,2025-01-06,2,0,0,0
MSFT,2025-01-07,3,1,0,1
MSFT,2025-01-08,2,0,0,1
MSFT,2025-01-14,1,1,1,1
MSFT,2025-01-21,1,1,1,1
MSFT,2025-01-22,1,1,0,0
MSFT,2025-01-27,1,1,0,0
MSFT,2025-01-28,3,0,0,0
MSFT,2025-01-29,4,0,0,0
MSFT,2025-01-30,4,1,0,1
MSFT,2025-02-10,2,0,0,0
MSFT,2025-02-13,2,0,1,0
MSFT,2025-02-19,1,1,0,0
MSFT,2025-02-20,1,0,0,0
MSFT,2025-02-24,2,0,0,0
MSFT,2025-02-25,2,1,0,0
MSFT,2025-02-26,1,0,0,1
MSFT,2025-02-28,1,0,1,0
MSFT,2025-03-25,1,0,0,0
MSFT,2025-03-26,1,1,0,0
MSFT,2025-03-27,1,0,0,0
MSFT,2025-03-28,3,0,1,0
MSFT,2025-03-31,2,1,0,0
MSFT,2025-04-01,1,0,0,0
MSFT,2025-04-03,1,0,0,1
MSFT,2025-04-07,1,0,1,1
MSFT,2025-04-08,1,1,1,1
MSFT,2025-04-17,1,0,1,1
MSFT,2025-04-24,3,1,1,1
MSFT,2025-04-25,1,0,1,1
MSFT,2025-04-30,6,1,1,1
MSFT,2025-05-01,5,1,1,1
MSFT,2025-05-02,2,1,0,1
MSFT,2025-05-05,3,0,1,1
MSFT,2025-05-06,3,1,1,1
MSFT,2025-05-07,2,1,1,1
MSFT,2025-05-12,2,0,1,1
MSFT,2025-05-14,1,1,1,1
MSFT,2025-05-20,1,0,0,0
MSFT,2025-05-22,1,0,1,1
MSFT,2025-05-23,2,1,1,1
MSFT,2025-06-02,1,1,1,1
MSFT,2025-06-03,3,1,1,1
MSFT,2025-06-04,1,1,1,1
MSFT,2025-06-05,2,1,1,1
MSFT,2025-06-06,1,1,1,1
MSFT,2025-06-16,2,0,0,1
MSFT,2025-06-17,1,1,1,1
MSFT,2025-06-20,1,1,1,1
MSFT,2025-06-23,3,1,1,1
MSFT,2025-06-24,2,1,1,1
MSFT,2025-06-26,2,0,0,1
MSFT,2025-07-03,4,0,1,1
MSFT,2025-07-07,3,0,1,1
MSFT,2025-07-08,1,1,1,1
MSFT,2025-07-09,1,0,0,1
MSFT,2025-07-10,1,1,1,1
MSFT,2025-07-11,4,0,1,1
MSFT,2025-07-15,2,0,1,0
MSFT,2025-07-16,1,1,1,1
MSFT,2025-07-17,1,0,0,0
MSFT,2025-07-18,1,1,0,1
MSFT,2025-07-21,1,0,1,1
MSFT,2025-07-22,1,1,1,1
MSFT,2025-07-23,3,1,1,1
MSFT,2025-07-24,1,1,1,1
MSFT,2025-07-25,3,0,0,1
MSFT,2025-07-28,2,1,1,1
MSFT,2025-07-29,3,1,1,1
MSFT,2025-07-30,15,1,1,1
MSFT,2025-07-31,25,0,0,0
MSFT,2025-08-01,2,1,1,0
MSFT,2025-08-04,2,0,0,0
MSFT,2025-08-05,1,0,0,1
MSFT,2025-08-07,1,1,1,1
MSFT,2025-08-11,2,1,1,0
MSFT,2025-08-12,3,0,0,0
MSFT,2025-08-13,3,1,0,0
MSFT,2025-08-15,1,0,0,0
MSFT,2025-08-19,1,0,0,0
MSFT,2025-08-21,1,1,0,1
MSFT,2025-08-22,1,0,0,0
MSFT,2025-08-26,1,1,1,1
MSFT,2025-08-28,1,0,0,0
MSFT,2025-08-29,1,0,1,0
MSFT,2025-09-02,1,1,0,0
MSFT,2025-09-03,1,1,0,0
MSFT,2025-09-04,1,0,0,0
MSFT,2025-09-08,1,1,1,1
MSFT,2025-09-09,5,1,1,1
MSFT,2025-09-10,3,1,1,1
MSFT,2025-09-11,1,1,1,1
MSFT,2025-09-12,9,1,1,1
MSFT,2025-09-15,2,0,0,0
MSFT,2025-09-16,3,1,1,1
MSFT,2025-09-17,2,0,1,1
MSFT,2025-09-18,2,1,1,0
MSFT,2025-09-19,3,0,0,0
MSFT,2025-09-23,3,1,1,1
MSFT,2025-09-25,2,1,1,1
MSFT,2025-09-26,5,1,1,1
MSFT,2025-09-29,1,1,1,1
MSFT,2025-10-02,2,1,1,1
MSFT,2025-10-03,2,1,1,0
MSFT,2025-10-06,1,0,0,0
MSFT,2025-10-07,1,1,0,0
MSFT,2025-10-08,1,0,0,0
MSFT,2025-10-09,1,0,0,0
MSFT,2025-10-10,1,1,1,1
MSFT,2025-10-13,3,0,0,1
MSFT,2025-10-14,1,0,1,1
MSFT,2025-10-15,3,0,1,1
MSFT,2025-10-16,2,1,1,1
MSFT,2025-10-17,1,1,1,1
MSFT,2025-10-20,2,1,1,1
MSFT,2025-10-21,3,1,1,1
MSFT,2025-10-22,9,1,1,1
MSFT,2025-10-23,2,1,1,1
MSFT,2025-10-24,4,1,1,0
MSFT,2025-10-27,6,1,0,0
MSFT,2025-10-28,17,0,0,0
MSFT,2025-10-29,32,0,0,0
MSFT,2025-10-30,19,0,0,0
MSFT,2025-10-31,3,0,0,0
MSFT,2025-11-03,10,0,0,0
MSFT,2025-11-04,6,0,0,0
MSFT,2025-11-05,3,0,0,1
MSFT,2025-11-06,3,0,1,1
MSFT,2025-11-07,1,1,1,1
MSFT,2025-11-10,4,1,0,1
MSFT,2025-11-11,1,1,1,0
MSFT,2025-11-12,2,0,0,0
MSFT,2025-11-13,3,1,0,0
MSFT,2025-11-14,3,0,0,0
MSFT,2025-11-18,7,0,0,0
MSFT,2025-11-19,8,0,0,0
MSFT,2025-11-20,2,0,0,1
MSFT,2025-11-21,2,1,1,1
MSFT,2025-11-24,5,1,1,1
MSFT,2025-11-25,1,1,1,1
MSFT,2025-11-26,1,1,1,0
MSFT,2025-11-28,2,0,0,0
MSFT,2025-12-01,2,1,0,1
MSFT,2025-12-02,1,0,0,1
MSFT,2025-12-03,11,1,1,1
MSFT,2025-12-04,9,1,1,1
MSFT,2025-12-05,1,1,0,0
MSFT,2025-12-08,8,1,0,0
MSFT,2025-12-09,16,0,0,0
MSFT,2025-12-10,15,1,0,0
MSFT,2025-12-11,7,0,0,1
MSFT,2025-12-12,2,0,0,1
MSFT,2025-12-15,1,1,1,1
MSFT,2025-12-16,3,0,1,1
MSFT,2025-12-17,1,1,1,1
MSFT,2025-12-23,2,1,1,0
MSFT,2025-12-26,3,0,0,0
MSFT,2025-12-30,4,0,0,0
MSFT,2025-12-31,3,0,0,0
MSFT,2026-01-02,2,0,1,1
MSFT,2026-01-06,1,1,1,0
MSFT,2026-01-07,2,0,0,0
MSFT,2026-01-08,2,1,0,0
MSFT,2026-01-09,3,0,0,0
MSFT,2026-01-12,1,0,0,0
MSFT,2026-01-13,3,0,0,0
MSFT,2026-01-14,3,0,0,0
MSFT,2026-01-15,3,1,0,1
MSFT,2026-01-16,1,0,0,1
MSFT,2026-01-20,6,0,1,1
MSFT,2026-01-21,5,1,1,1
MSFT,2026-01-22,10,1,1,0
MSFT,2026-01-23,9,1,1,0
MSFT,2026-01-26,12,1,0,0
MSFT,2026-01-27,5,1,0,0
MSFT,2026-01-28,33,0,0,0
MSFT,2026-01-29,53,0,0,0
MSFT,2026-01-30,15,0,0,0
MSFT,2026-02-02,4,0,0,0
MSFT,2026-02-03,8,1,0,1
MSFT,2026-02-04,3,0,0,0
MSFT,2026-02-05,13,1,1,1
MSFT,2026-02-06,8,1,1,1
MSFT,2026-02-09,6,0,0,0
MSFT,2026-02-10,2,0,0,0
MSFT,2026-02-11,5,0,0,0
MSFT,2026-02-12,1,0,0,0
MSFT,2026-02-13,2,0,0,0
MSFT,2026-02-17,8,1,1,0
MSFT,2026-02-18,9,0,0,1
MSFT,2026-02-19,8,0,0,1
MSFT,2026-02-20,9,0,1,0
MSFT,2026-02-23,3,1,1,1
MSFT,2026-02-24,7,1,1,1
MSFT,2026-02-25,5,1,0,1
MSFT,2026-02-26,4,0,1,1
NVDA,2017-07-19,1,1,1,1
NVDA,2018-02-09,1,0,1,1
NVDA,2019-07-10,1,1,1,1
NVDA,2019-07-16,1,1,1,1
NVDA,2019-09-09,1,1,1,0
NVDA,2020-12-04,1,1,0,0
NVDA,2021-02-11,1,0,0,0
NVDA,2021-04-06,1,1,1,1
NVDA,2021-06-01,1,1,1,1
NVDA,2021-06-22,1,1,1,1
NVDA,2021-08-27,1,1,0,1
NVDA,2021-12-09,1,0,0,0
NVDA,2022-05-16,1,1,0,0
NVDA,2022-07-11,1,0,1,1
NVDA,2022-09-22,1,0,0,0
NVDA,2022-10-27,1,1,1,1
NVDA,2022-11-22,1,1,0,1
NVDA,2022-12-14,1,0,0,0
NVDA,2023-01-10,1,1,1,1
NVDA,2023-05-05,1,1,1,0
NVDA,2023-05-15,1,1,1,1
NVDA,2023-05-25,1,1,0,1
NVDA,2023-08-16,1,0,1,1
NVDA,2023-09-11,1,0,1,0
NVDA,2023-09-25,1,0,1,1
NVDA,2023-10-05,1,1,1,1
NVDA,2023-11-22,1,0,0,0
NVDA,2023-12-07,1,1,1,1
NVDA,2024-01-09,1,1,1,1
NVDA,2024-01-12,1,1,1,1
NVDA,2024-01-22,1,1,1,1
NVDA,2024-02-06,1,1,1,1
NVDA,2024-02-16,1,0,1,1
NVDA,2024-02-21,4,1,1,1
NVDA,2024-02-22,1,1,1,1
NVDA,2024-02-23,4,1,0,1
NVDA,2024-02-27,1,0,1,1
NVDA,2024-02-28,1,1,1,1
NVDA,2024-03-01,1,1,1,1
NVDA,2024-03-08,1,0,1,1
NVDA,2024-03-12,1,0,0,0
NVDA,2024-03-18,1,1,1,1
NVDA,2024-03-19,2,1,1,1
NVDA,2024-03-28,1,1,0,0
NVDA,2024-04-02,2,0,0,0
NVDA,2024-04-09,1,1,1,1
NVDA,2024-04-10,1,1,0,0
NVDA,2024-04-18,1,0,0,0
NVDA,2024-05-01,1,1,1,1
NVDA,2024-05-15,1,0,1,1
NVDA,2024-05-17,1,1,1,1
NVDA,2024-05-21,1,0,1,1
NVDA,2024-05-22,2,1,1,1
NVDA,2024-05-23,1,1,1,1
NVDA,2024-05-28,1,1,0,1
NVDA,2024-05-30,1,0,1,1
NVDA,2024-06-05,1,0,0,1
NVDA,2024-06-10,1,0,1,1
NVDA,2024-06-11,1,1,1,1
NVDA,2024-06-18,2,0,0,0
NVDA,2024-06-21,1,0,0,0
NVDA,2024-06-25,1,1,0,0
NVDA,2024-06-26,2,0,0,1
NVDA,2024-06-27,1,0,0,1
NVDA,2024-06-28,2,1,1,1
NVDA,2024-07-09,1,1,0,0
NVDA,2024-07-12,1,0,0,0
NVDA,2024-07-19,1,1,0,0
NVDA,2024-07-22,1,0,0,0
NVDA,2024-07-24,1,0,0,1
NVDA,2024-07-26,1,0,1,0
NVDA,2024-08-01,7,0,0,0
NVDA,2024-08-02,1,0,0,0
NVDA,2024-08-05,1,1,1,1
NVDA,2024-08-13,2,1,1,1
NVDA,2024-08-15,1,1,1,1
NVDA,2024-08-19,1,0,0,0
NVDA,2024-08-23,3,0,0,0
NVDA,2024-08-26,1,1,0,0
NVDA,2024-08-27,4,0,0,0
NVDA,2024-08-28,8,0,0,0
NVDA,2024-08-29,2,1,0,0
NVDA,2024-09-04,3,1,1,1
NVDA,2024-09-05,3,0,1,1
NVDA,2024-09-11,1,1,0,0
NVDA,2024-09-30,2,0,1,1
NVDA,2024-10-01,2,1,1,1
NVDA,2024-10-10,1,0,0,1
NVDA,2024-10-11,2,1,1,1
NVDA,2024-10-14,1,0,0,1
NVDA,2024-10-15,2,1,1,1
NVDA,2024-10-16,1,1,1,1
NVDA,2024-10-17,1,1,1,1
NVDA,2024-10-18,2,1,1,1
NVDA,2024-10-22,1,0,0,0
NVDA,2024-10-24,4,1,1,0
NVDA,2024-10-25,1,0,0,0
NVDA,2024-10-30,1,0,0,1
NVDA,2024-11-08,1,0,0,0
NVDA,2024-11-18,1,1,1,0
NVDA,2024-11-20,2,1,0,0
NVDA,2024-11-21,3,0,0,0
NVDA,2024-11-26,1,0,1,1
NVDA,2024-11-27,2,1,1,1
NVDA,2024-12-05,4,0,0,0
NVDA,2024-12-12,1,0,0,0
NVDA,2024-12-17,1,0,1,1
NVDA,2024-12-18,1,1,1,1
NVDA,2024-12-30,1,0,1,1
NVDA,2025-01-03,1,1,0,0
NVDA,2025-01-08,1,0,0,0
NVDA,2025-01-13,2,0,1,1
NVDA,2025-01-22,1,1,0,0
NVDA,2025-01-27,3,1,1,0
NVDA,2025-01-28,8,0,0,0
NVDA,2025-01-29,4,1,0,1
NVDA,2025-01-30,1,0,0,1
NVDA,2025-02-03,2,1,1,1
NVDA,2025-02-04,1,1,1,1
NVDA,2025-02-06,1,1,1,1
NVDA,2025-02-07,1,1,1,1
NVDA,2025-02-21,1,0,0,0
NVDA,2025-02-24,2,0,0,0
NVDA,2025-02-25,3,1,0,0
NVDA,2025-02-26,9,0,0,0
NVDA,2025-02-27,10,1,0,0
NVDA,2025-03-05,1,0,0,0
NVDA,2025-03-06,3,1,0,1
NVDA,2025-03-07,2,0,1,1
NVDA,2025-03-13,2,1,0,1
NVDA,2025-03-14,1,0,0,0
NVDA,2025-03-17,1,0,0,1
NVDA,2025-03-18,1,1,1,1
NVDA,2025-03-19,1,1,1,0
NVDA,2025-03-20,1,0,1,0
NVDA,2025-03-21,2,1,0,0
NVDA,2025-03-24,3,0,0,0
NVDA,2025-03-25,1,0,0,0
NVDA,2025-03-26,3,0,0,0
NVDA,2025-03-27,1,0,0,0
NVDA,2025-04-10,1,1,1,0
NVDA,2025-04-11,1,0,0,0
NVDA,2025-04-15,3,0,0,0
NVDA,2025-04-16,2,0,0,1
NVDA,2025-04-23,1,1,1,1
NVDA,2025-04-24,1,1,1,1
NVDA,2025-04-25,2,0,0,1
NVDA,2025-04-29,2,0,1,1
NVDA,2025-05-12,1,1,1,1
NVDA,2025-05-13,2,1,1,1
NVDA,2025-05-14,3,0,1,0
NVDA,2025-05-16,1,1,0,0
NVDA,2025-05-20,2,0,0,1
NVDA,2025-05-21,1,1,1,1
NVDA,2025-05-22,1,0,1,1
NVDA,2025-05-27,3,0,0,1
NVDA,2025-05-28,7,1,1,1
NVDA,2025-05-29,3,0,1,1
NVDA,2025-06-02,1,1,1,1
NVDA,2025-06-03,1,1,1,1
NVDA,2025-06-05,1,1,1,1
NVDA,2025-06-09,1,1,1,1
NVDA,2025-06-10,1,0,0,1
NVDA,2025-06-18,2,0,1,1
NVDA,2025-06-20,1,1,1,1
NVDA,2025-06-24,1,1,1,1
NVDA,2025-06-25,1,1,1,1
NVDA,2025-06-26,2,1,0,1
NVDA,2025-06-27,1,1,0,1
NVDA,2025-07-02,3,1,1,1
NVDA,2025-07-03,3,0,1,1
NVDA,2025-07-07,4,1,1,1
NVDA,2025-07-08,2,1,1,1
NVDA,2025-07-09,6,1,1,1
NVDA,2025-07-10,6,1,1,1
NVDA,2025-07-11,2,0,1,1
NVDA,2025-07-15,3,1,1,0
NVDA,2025-07-16,3,1,1,0
NVDA,2025-07-17,1,0,0,1
NVDA,2025-07-18,1,0,0,1
NVDA,2025-07-21,2,0,1,1
NVDA,2025-07-22,3,1,1,1
NVDA,2025-07-23,1,1,1,1
NVDA,2025-07-24,1,0,1,1
NVDA,2025-07-25,1,1,1,1
NVDA,2025-07-28,1,0,1,1
NVDA,2025-07-29,3,1,0,1
NVDA,2025-08-04,1,0,1,1
NVDA,2025-08-11,13,1,0,0
NVDA,2025-08-12,2,0,0,0
NVDA,2025-08-13,1,1,1,0
NVDA,2025-08-19,2,0,1,1
NVDA,2025-08-20,2,0,1,1
NVDA,2025-08-21,6,1,1,1
NVDA,2025-08-22,1,1,1,0
NVDA,2025-08-25,8,1,1,0
NVDA,2025-08-26,5,0,0,0
NVDA,2025-08-27,15,0,0,0
NVDA,2025-08-28,20,0,0,0
NVDA,2025-08-29,6,0,0,0
NVDA,2025-09-02,3,0,0,0
NVDA,2025-09-03,2,1,0,1
NVDA,2025-09-04,8,0,0,1
NVDA,2025-09-05,1,1,1,1
NVDA,2025-09-08,2,1,1,1
NVDA,2025-09-10,2,0,1,0
NVDA,2025-09-11,1,1,0,0
NVDA,2025-09-12,5,0,0,0
NVDA,2025-09-15,2,0,0,1
NVDA,2025-09-16,4,0,1,1
NVDA,2025-09-17,1,1,1,1
NVDA,2025-09-18,6,1,1,1
NVDA,2025-09-22,8,0,0,0
NVDA,2025-09-23,9,0,0,1
NVDA,2025-09-24,1,1,1,1
NVDA,2025-09-25,1,1,1,1
NVDA,2025-09-26,1,1,1,1
NVDA,2025-09-29,2,1,1,1
NVDA,2025-09-30,1,1,1,0
NVDA,2025-10-01,1,1,0,1
NVDA,2025-10-02,2,0,0,1
NVDA,2025-10-03,2,0,1,0
NVDA,2025-10-06,1,0,1,1
NVDA,2025-10-07,3,1,0,0
NVDA,2025-10-08,1,1,0,0
NVDA,2025-10-09,2,0,0,0
NVDA,2025-10-13,1,0,0,0
NVDA,2025-10-14,2,0,1,1
NVDA,2025-10-16,1,1,0,1
NVDA,2025-10-17,1,0,0,1
NVDA,2025-10-21,1,0,1,1
NVDA,2025-10-22,1,1,1,1
NVDA,2025-10-23,3,1,1,1
NVDA,2025-10-27,1,1,1,1
NVDA,2025-10-28,7,1,1,0
NVDA,2025-10-29,18,0,0,0
NVDA,2025-10-30,3,0,0,0
NVDA,2025-10-31,3,1,0,0
NVDA,2025-11-03,1,0,0,0
NVDA,2025-11-04,1,0,0,0
NVDA,2025-11-05,6,0,1,0
NVDA,2025-11-06,1,1,1,0
NVDA,2025-11-07,5,1,1,1
NVDA,2025-11-10,5,0,0,0
NVDA,2025-11-11,6,1,0,0
NVDA,2025-11-12,11,0,0,0
NVDA,2025-11-13,2,1,0,0
NVDA,2025-11-14,8,0,0,0
NVDA,2025-11-17,17,0,0,0
NVDA,2025-11-18,18,1,0,0
NVDA,2025-11-19,42,0,0,0
NVDA,2025-11-20,48,0,0,0
NVDA,2025-11-21,12,1,1,1
NVDA,2025-11-24,7,0,0,0
NVDA,2025-11-25,14,1,1,1
NVDA,2025-11-26,7,0,1,1
NVDA,2025-11-28,7,1,1,1
NVDA,2025-12-01,7,1,1,1
NVDA,2025-12-02,7,0,1,1
NVDA,2025-12-03,7,1,1,1
NVDA,2025-12-04,3,0,1,0
NVDA,2025-12-05,4,1,1,0
NVDA,2025-12-08,5,0,0,0
NVDA,2025-12-09,12,0,0,0
NVDA,2025-12-10,3,0,0,0
NVDA,2025-12-11,8,0,0,0
NVDA,2025-12-12,5,1,0,1
NVDA,2025-12-15,6,1,0,1
NVDA,2025-12-16,7,0,1,1
NVDA,2025-12-17,8,1,1,1
NVDA,2025-12-18,8,1,1,1
NVDA,2025-12-19,5,1,1,1
NVDA,2025-12-22,4,1,1,1
NVDA,2025-12-23,6,0,0,0
NVDA,2025-12-24,3,1,0,1
NVDA,2025-12-26,2,0,0,0
NVDA,2025-12-29,3,0,1,0
NVDA,2025-12-30,3,0,1,1
NVDA,2025-12-31,2,1,1,0
NVDA,2026-01-02,1,0,1,0
NVDA,2026-01-05,1,0,0,0
NVDA,2026-01-06,6,1,0,0
NVDA,2026-01-07,2,0,0,0
NVDA,2026-01-08,1,0,1,1
NVDA,2026-01-09,3,1,0,1
NVDA,2026-01-12,1,1,1,0
NVDA,2026-01-13,2,0,1,0
NVDA,2026-01-14,3,1,0,1
NVDA,2026-01-16,6,0,0,1
NVDA,2026-01-20,1,1,1,1
NVDA,2026-01-21,2,1,1,1
NVDA,2026-01-22,4,1,1,1
NVDA,2026-01-23,1,0,1,1
NVDA,2026-01-26,8,1,1,0
NVDA,2026-01-27,5,1,1,0
NVDA,2026-01-28,3,1,0,0
NVDA,2026-01-29,3,0,0,0
NVDA,2026-01-30,5,0,0,0
NVDA,2026-02-02,7,0,0,1
NVDA,2026-02-03,4,0,1,1
NVDA,2026-02-04,3,0,1,1
NVDA,2026-02-05,3,1,1,1
NVDA,2026-02-06,7,1,1,0
NVDA,2026-02-09,4,0,0,0
NVDA,2026-02-10,2,1,0,0
NVDA,2026-02-11,4,0,0,0
NVDA,2026-02-12,2,0,1,1
NVDA,2026-02-13,3,1,1,1
NVDA,2026-02-17,11,1,1,1
NVDA,2026-02-18,22,0,1,1
NVDA,2026-02-19,13,1,1,0
NVDA,2026-02-20,16,1,1,0
NVDA,2026-02-23,23,1,0,0
NVDA,2026-02-24,22,1,0,0
NVDA,2026-02-25,70,0,0,0
NVDA,2026-02-26,88,0,0,0
TSLA,2013-08-06,1,0,1,1
TSLA,2015-10-26,1,0,0,0
TSLA,2016-09-06,1,0,0,0
TSLA,2017-07-19,1,1,1,1
TSLA,2018-02-28,1,0,0,0
TSLA,2018-03-21,1,0,0,0
TSLA,2018-05-23,1,0,1,1
TSLA,2018-05-24,1,1,1,1
TSLA,2018-08-08,1,0,0,0
TSLA,2018-09-27,1,0,0,0
TSLA,2018-10-10,1,0,1,1
TSLA,2019-05-02,1,1,1,0
TSLA,2019-05-22,1,1,0,0
TSLA,2019-11-05,1,1,1,1
TSLA,2019-11-25,1,0,0,0
TSLA,2020-03-06,1,0,0,0
TSLA,2020-06-09,1,1,0,1
TSLA,2020-06-11,1,0,1,1
TSLA,2020-07-20,1,0,0,0
TSLA,2020-08-06,1,0,0,1
TSLA,2020-08-12,1,1,1,1
TSLA,2020-08-25,1,1,1,1
TSLA,2020-12-09,1,1,1,1
TSLA,2020-12-16,1,1,1,1
TSLA,2020-12-18,1,0,0,0
TSLA,2021-01-06,1,1,1,1
TSLA,2021-01-12,1,1,0,1
TSLA,2021-01-19,1,1,1,1
TSLA,2021-01-25,1,1,0,0
TSLA,2021-01-27,1,0,0,0
TSLA,2021-02-01,1,1,1,1
TSLA,2021-02-11,1,1,0,0
TSLA,2021-02-17,1,0,0,0
TSLA,2021-02-25,1,0,1,0
TSLA,2021-03-02,1,0,0,0
TSLA,2021-03-05,1,0,1,1
TSLA,2021-03-12,1,1,1,0
TSLA,2021-04-27,1,0,1,0
TSLA,2021-04-30,2,0,0,0
TSLA,2021-05-12,2,0,0,0
TSLA,2021-05-13,1,1,1,1
TSLA,2021-05-18,2,0,1,1
TSLA,2021-06-01,1,0,0,0
TSLA,2021-06-11,1,1,0,1
TSLA,2021-06-30,1,0,0,0
TSLA,2021-07-22,1,0,0,1
TSLA,2021-07-26,1,0,1,1
TSLA,2021-07-27,1,1,1,1
TSLA,2021-09-20,1,1,1,1
TSLA,2021-10-25,1,0,1,1
TSLA,2021-11-01,1,0,1,0
TSLA,2021-11-02,2,1,1,0
TSLA,2021-11-09,1,1,1,1
TSLA,2021-11-10,1,0,0,1
TSLA,2021-11-11,2,0,0,1
TSLA,2021-12-06,1,1,0,0
TSLA,2021-12-17,1,0,1,1
TSLA,2021-12-20,1,1,1,1
TSLA,2021-12-21,3,1,1,1
TSLA,2022-01-03,1,0,0,0
TSLA,2022-01-04,1,0,0,0
TSLA,2022-02-07,1,1,0,0
TSLA,2022-02-16,1,0,0,0
TSLA,2022-02-17,1,0,0,0
TSLA,2022-02-25,1,1,1,1
TSLA,2022-03-03,1,0,0,0
TSLA,2022-03-28,1,1,0,1
TSLA,2022-04-20,1,1,1,0
TSLA,2022-04-21,1,0,0,0
TSLA,2022-04-27,1,0,1,1
TSLA,2022-05-05,1,0,0,0
TSLA,2022-05-26,1,1,1,0
TSLA,2022-06-06,1,1,1,0
TSLA,2022-06-13,1,1,0,1
TSLA,2022-06-16,2,1,1,1
TSLA,2022-08-04,1,0,0,0
TSLA,2022-08-08,1,0,0,1
TSLA,2022-08-09,1,1,1,1
TSLA,2022-08-10,3,0,1,1
TSLA,2022-10-03,2,1,0,0
TSLA,2022-10-10,1,0,0,0
TSLA,2022-10-14,1,1,1,1
TSLA,2022-11-09,4,1,1,1
TSLA,2022-11-22,1,1,1,1
TSLA,2022-12-09,2,0,0,0
TSLA,2022-12-15,1,0,0,0
TSLA,2022-12-16,5,0,0,0
TSLA,2022-12-19,2,0,0,0
TSLA,2022-12-27,2,1,1,1
TSLA,2022-12-28,1,1,0,0
TSLA,2022-12-29,1,1,0,0
TSLA,2023-01-04,1,0,1,1
TSLA,2023-01-10,1,1,1,1
TSLA,2023-01-20,1,1,1,1
TSLA,2023-01-23,1,1,1,1
TSLA,2023-01-25,1,1,1,1
TSLA,2023-01-27,1,0,1,1
TSLA,2023-01-31,1,1,1,1
TSLA,2023-02-01,1,1,1,1
TSLA,2023-02-16,1,1,0,0
TSLA,2023-02-28,1,0,0,0
TSLA,2023-03-01,4,0,0,0
TSLA,2023-03-02,6,1,0,0
TSLA,2023-03-03,1,0,0,0
TSLA,2023-03-06,1,0,0,0
TSLA,2023-03-16,1,0,1,1
TSLA,2023-03-23,1,0,0,1
TSLA,2023-03-31,1,0,0,0
TSLA,2023-04-05,1,0,1,1
TSLA,2023-04-18,1,0,0,0
TSLA,2023-04-20,1,1,0,0
TSLA,2023-04-21,1,0,0,0
TSLA,2023-04-26,1,1,1,1
TSLA,2023-05-11,1,0,0,1
TSLA,2023-05-16,1,1,1,1
TSLA,2023-05-31,1,1,1,1
TSLA,2023-06-12,2,1,1,1
TSLA,2023-06-14,1,0,1,1
TSLA,2023-06-16,1,1,1,0
TSLA,2023-06-29,1,1,1,1
TSLA,2023-07-03,1,1,0,0
TSLA,2023-07-11,1,1,1,1
TSLA,2023-07-14,1,1,1,0
TSLA,2023-07-17,1,1,0,0
TSLA,2023-07-18,1,0,0,0
TSLA,2023-07-20,1,0,1,0
TSLA,2023-07-26,1,0,1,0
TSLA,2023-08-09,1,1,0,0
TSLA,2023-08-16,1,0,1,1
TSLA,2023-08-18,1,1,1,1
TSLA,2023-08-31,1,0,0,0
TSLA,2023-09-06,1,0,1,1
TSLA,2023-09-12,1,1,1,0
TSLA,2023-09-13,1,1,0,0
TSLA,2023-09-18,1,1,0,0
TSLA,2023-09-20,2,0,0,0
TSLA,2023-10-02,2,0,1,1
TSLA,2023-10-11,1,0,0,0
TSLA,2023-10-16,1,1,0,0
TSLA,2023-10-19,3,0,0,0
TSLA,2023-10-20,1,1,1,0
TSLA,2023-10-23,1,1,0,0
TSLA,2023-10-25,1,0,0,0
TSLA,2023-11-15,1,0,0,0
TSLA,2023-12-06,1,1,1,0
TSLA,2023-12-08,1,0,0,1
TSLA,2023-12-18,1,1,1,1
TSLA,2023-12-19,1,0,0,1
TSLA,2023-12-20,2,1,1,1
TSLA,2024-01-04,1,0,0,0
TSLA,2024-01-05,1,1,0,0
TSLA,2024-01-16,1,0,0,0
TSLA,2024-01-24,2,0,0,0
TSLA,2024-01-26,1,1,1,1
TSLA,2024-01-29,1,1,0,0
TSLA,2024-02-12,1,0,1,1
TSLA,2024-02-13,1,1,1,1
TSLA,2024-02-16,1,0,0,0
TSLA,2024-03-07,1,0,0,0
TSLA,2024-03-13,2,0,1,1
TSLA,2024-03-14,1,1,1,1
TSLA,2024-03-15,1,1,1,1
TSLA,2024-03-18,1,0,0,0
TSLA,2024-03-27,1,0,0,0
TSLA,2024-03-28,2,0,0,0
TSLA,2024-04-02,1,1,0,1
TSLA,2024-04-05,1,1,1,1
TSLA,2024-04-10,1,1,0,0
TSLA,2024-04-11,1,0,0,0
TSLA,2024-04-15,1,0,0,0
TSLA,2024-04-17,4,0,0,1
TSLA,2024-04-18,4,0,0,1
TSLA,2024-04-22,3,1,1,1
TSLA,2024-04-23,2,1,1,1
TSLA,2024-04-24,2,1,1,1
TSLA,2024-04-26,1,1,1,1
TSLA,2024-04-30,1,0,0,0
TSLA,2024-05-02,1,1,0,0
TSLA,2024-05-08,1,0,0,0
TSLA,2024-05-14,2,0,0,1
TSLA,2024-05-23,1,1,1,1
TSLA,2024-05-30,1,0,0,0
TSLA,2024-06-03,1,0,1,0
TSLA,2024-06-10,1,0,1,1
TSLA,2024-06-11,1,1,1,1
TSLA,2024-06-14,4,1,1,1
TSLA,2024-06-18,2,0,0,1
TSLA,2024-06-21,1,0,1,1
TSLA,2024-06-24,1,1,1,1
TSLA,2024-06-25,1,1,1,1
TSLA,2024-07-03,1,1,1,0
TSLA,2024-07-05,1,1,1,0
TSLA,2024-07-08,2,1,0,0
TSLA,2024-07-11,1,1,1,1
TSLA,2024-07-22,1,0,0,0
TSLA,2024-07-23,1,0,0,0
TSLA,2024-07-24,3,1,1,1
TSLA,2024-07-25,1,0,1,0
TSLA,2024-07-29,1,0,0,0
TSLA,2024-08-06,2,0,0,1
TSLA,2024-08-13,3,0,1,1
TSLA,2024-08-14,1,1,1,1
TSLA,2024-08-20,1,1,0,0
TSLA,2024-08-22,1,1,0,0
TSLA,2024-09-05,1,0,0,0
TSLA,2024-09-19,1,0,1,1
TSLA,2024-09-20,2,1,1,1
TSLA,2024-09-27,2,1,0,0
TSLA,2024-10-01,1,0,0,0
TSLA,2024-10-02,1,0,0,0
TSLA,2024-10-04,2,0,0,0
TSLA,2024-10-11,1,1,1,1
TSLA,2024-10-15,1,1,1,0
TSLA,2024-10-23,1,1,1,1
TSLA,2024-10-24,2,1,0,0
TSLA,2024-10-25,4,0,0,0
TSLA,2024-11-01,1,0,1,1
TSLA,2024-11-04,1,1,1,1
TSLA,2024-11-05,1,1,1,1
TSLA,2024-11-07,2,1,1,1
TSLA,2024-11-08,2,1,1,0
TSLA,2024-11-18,1,1,1,0
TSLA,2024-12-03,1,1,1,1
TSLA,2024-12-12,4,1,1,1
TSLA,2024-12-16,1,1,0,0
TSLA,2024-12-31,1,0,1,0
TSLA,2025-01-02,5,1,1,1
TSLA,2025-01-13,1,0,1,1
TSLA,2025-01-16,1,1,1,0
TSLA,2025-01-24,3,0,0,0
TSLA,2025-01-29,1,1,0,0
TSLA,2025-01-30,4,1,0,0
TSLA,2025-01-31,1,0,0,0
TSLA,2025-02-05,2,0,0,0
TSLA,2025-02-07,1,0,0,0
TSLA,2025-02-11,6,1,1,1
TSLA,2025-02-12,3,1,1,1
TSLA,2025-02-13,1,0,1,0
TSLA,2025-02-14,3,0,0,0
TSLA,2025-02-18,1,1,0,0
TSLA,2025-02-20,1,0,0,0
TSLA,2025-02-21,4,0,0,0
TSLA,2025-02-24,1,0,0,0
TSLA,2025-02-26,1,0,0,0
TSLA,2025-02-27,2,1,0,0
TSLA,2025-03-04,1,1,0,0
TSLA,2025-03-06,1,0,0,0
TSLA,2025-03-10,4,1,1,1
TSLA,2025-03-11,15,1,1,0
TSLA,2025-03-12,4,0,0,0
TSLA,2025-03-13,4,1,0,0
TSLA,2025-03-14,2,0,0,0
TSLA,2025-03-17,3,0,0,1
TSLA,2025-03-18,3,1,1,1
TSLA,2025-03-20,3,1,1,1
TSLA,2025-03-21,2,1,1,1
TSLA,2025-03-24,5,1,0,0
TSLA,2025-03-25,7,0,0,0
TSLA,2025-03-26,2,1,0,1
TSLA,2025-03-27,3,0,0,0
TSLA,2025-03-28,1,0,1,0
TSLA,2025-03-31,1,1,1,0
TSLA,2025-04-01,1,1,0,0
TSLA,2025-04-02,3,0,0,0
TSLA,2025-04-04,1,0,1,1
TSLA,2025-04-07,2,0,1,1
TSLA,2025-04-08,1,1,1,1
TSLA,2025-04-09,2,0,0,0
TSLA,2025-04-10,2,0,1,0
TSLA,2025-04-16,1,0,0,1
TSLA,2025-04-17,1,0,1,1
TSLA,2025-04-21,3,1,1,1
TSLA,2025-04-22,7,1,1,1
TSLA,2025-04-23,5,1,1,1
TSLA,2025-04-24,2,1,1,1
TSLA,2025-04-25,3,1,0,1
TSLA,2025-04-29,2,0,0,0
TSLA,2025-05-01,1,1,0,1
TSLA,2025-05-02,2,0,0,1
TSLA,2025-05-06,2,1,1,1
TSLA,2025-05-07,1,1,1,1
TSLA,2025-05-08,1,1,1,1
TSLA,2025-05-12,4,1,1,1
TSLA,2025-05-13,1,1,1,1
TSLA,2025-05-14,2,0,0,0
TSLA,2025-05-15,1,1,1,0
TSLA,2025-05-16,1,0,0,0
TSLA,2025-05-19,1,1,0,1
TSLA,2025-05-20,3,0,0,1
TSLA,2025-05-21,1,1,1,1
TSLA,2025-05-22,3,0,1,1
TSLA,2025-05-23,1,1,1,1
TSLA,2025-05-27,1,0,0,0
TSLA,2025-05-28,2,1,0,0
TSLA,2025-05-29,1,0,0,0
TSLA,2025-05-30,1,0,0,0
TSLA,2025-06-02,1,1,0,0
TSLA,2025-06-03,2,0,0,0
TSLA,2025-06-04,1,0,0,0
TSLA,2025-06-05,2,1,1,1
TSLA,2025-06-06,10,1,1,1
TSLA,2025-06-09,1,1,1,1
TSLA,2025-06-11,2,0,1,0
TSLA,2025-06-13,2,1,0,1
TSLA,2025-06-16,1,0,0,1
TSLA,2025-06-17,1,1,1,1
TSLA,2025-06-18,3,1,1,1
TSLA,2025-06-23,4,0,0,0
TSLA,2025-06-24,2,0,0,0
TSLA,2025-06-25,1,0,0,0
TSLA,2025-06-26,2,0,0,0
TSLA,2025-06-27,1,0,0,0
TSLA,2025-07-01,2,1,0,0
TSLA,2025-07-02,4,0,0,0
TSLA,2025-07-03,2,0,0,0
TSLA,2025-07-07,11,1,1,1
TSLA,2025-07-08,5,0,1,1
TSLA,2025-07-09,2,1,1,1
TSLA,2025-07-10,1,1,1,1
TSLA,2025-07-14,3,0,1,1
TSLA,2025-07-15,4,1,1,1
TSLA,2025-07-16,4,0,1,1
TSLA,2025-07-17,2,1,1,0
TSLA,2025-07-18,2,0,1,0
TSLA,2025-07-21,4,1,0,0
TSLA,2025-07-22,6,1,0,0
TSLA,2025-07-23,16,0,0,0
TSLA,2025-07-24,7,1,1,1
TSLA,2025-07-25,6,1,1,0
TSLA,2025-07-28,5,0,0,0
TSLA,2025-07-29,2,0,0,0
TSLA,2025-07-31,2,0,1,1
TSLA,2025-08-01,1,1,1,1
TSLA,2025-08-04,19,0,1,1
TSLA,2025-08-05,2,1,1,1
TSLA,2025-08-08,1,1,1,1
TSLA,2025-08-11,3,1,0,0
TSLA,2025-08-14,2,0,0,0
TSLA,2025-08-15,1,1,0,1
TSLA,2025-08-19,1,0,1,1
TSLA,2025-08-20,2,0,1,1
TSLA,2025-08-22,3,1,1,0
TSLA,2025-08-25,5,1,0,0
TSLA,2025-08-26,2,0,0,0
TSLA,2025-08-27,1,0,0,0
TSLA,2025-08-28,2,0,0,1
TSLA,2025-08-29,2,0,1,1
TSLA,2025-09-02,2,1,1,1
TSLA,2025-09-04,1,1,1,1
TSLA,2025-09-05,6,0,0,1
TSLA,2025-09-09,1,1,1,1
TSLA,2025-09-10,1,1,1,1
TSLA,2025-09-11,1,1,1,1
TSLA,2025-09-12,2,1,1,1
TSLA,2025-09-15,13,1,1,1
TSLA,2025-09-16,11,1,1,1
TSLA,2025-09-17,5,0,1,1
TSLA,2025-09-18,3,1,1,1
TSLA,2025-09-19,2,1,1,1
TSLA,2025-09-22,2,0,0,1
TSLA,2025-09-23,1,1,1,1
TSLA,2025-09-25,3,1,1,1
TSLA,2025-09-26,1,1,1,0
TSLA,2025-09-29,5,1,0,1
TSLA,2025-09-30,2,1,0,0
TSLA,2025-10-01,3,0,0,0
TSLA,2025-10-02,5,0,0,0
TSLA,2025-10-03,5,1,1,0
TSLA,2025-10-06,8,0,0,0
TSLA,2025-10-07,1,1,0,0
TSLA,2025-10-08,4,0,0,0
TSLA,2025-10-09,1,0,0,0
TSLA,2025-10-10,3,1,1,1
TSLA,2025-10-13,5,0,0,1
TSLA,2025-10-14,2,1,1,1
TSLA,2025-10-15,3,0,1,1
TSLA,2025-10-16,3,1,1,1
TSLA,2025-10-17,4,1,0,0
TSLA,2025-10-20,20,0,1,1
TSLA,2025-10-21,6,0,0,1
TSLA,2025-10-22,35,1,1,1
TSLA,2025-10-23,32,0,1,0
TSLA,2025-10-24,3,1,1,1
TSLA,2025-10-27,3,1,0,1
TSLA,2025-10-28,4,1,0,0
TSLA,2025-10-30,4,1,1,1
TSLA,2025-10-31,4,1,1,0
TSLA,2025-11-03,7,0,0,0
TSLA,2025-11-04,8,1,0,0
TSLA,2025-11-05,7,0,0,0
TSLA,2025-11-06,13,0,0,0
TSLA,2025-11-07,14,1,1,0
TSLA,2025-11-10,5,0,0,0
TSLA,2025-11-11,3,0,0,0
TSLA,2025-11-12,3,0,0,0
TSLA,2025-11-13,3,1,0,0
TSLA,2025-11-14,4,1,0,0
TSLA,2025-11-17,2,0,0,1
TSLA,2025-11-19,3,0,1,1
TSLA,2025-11-20,5,0,1,1
TSLA,2025-11-21,2,1,1,1
TSLA,2025-11-25,1,1,1,1
TSLA,2025-11-26,3,1,1,1
TSLA,2025-12-01,2,0,1,1
TSLA,2025-12-02,4,1,1,1
TSLA,2025-12-03,6,1,0,1
TSLA,2025-12-04,4,1,0,0
TSLA,2025-12-08,3,1,1,1
TSLA,2025-12-09,2,1,1,1
TSLA,2025-12-10,5,0,1,1
TSLA,2025-12-11,2,1,1,1
TSLA,2025-12-12,2,1,1,1
TSLA,2025-12-15,11,1,1,1
TSLA,2025-12-16,11,0,0,0
TSLA,2025-12-17,5,1,1,1
TSLA,2025-12-18,5,0,1,0
TSLA,2025-12-19,2,1,1,0
TSLA,2025-12-22,7,0,0,0
TSLA,2025-12-23,1,0,0,0
TSLA,2025-12-24,1,0,0,0
TSLA,2025-12-26,1,0,0,0
TSLA,2025-12-29,1,0,0,0
TSLA,2025-12-30,4,0,0,0
TSLA,2025-12-31,5,0,0,0
TSLA,2026-01-02,8,1,0,1
TSLA,2026-01-05,3,0,0,0
TSLA,2026-01-06,9,0,1,1
TSLA,2026-01-07,3,1,1,1
TSLA,2026-01-08,2,1,1,1
TSLA,2026-01-09,3,1,0,0
TSLA,2026-01-12,2,0,0,0
TSLA,2026-01-13,5,0,0,0
TSLA,2026-01-14,2,0,0,1
TSLA,2026-01-15,6,0,0,1
TSLA,2026-01-16,4,0,1,0
TSLA,2026-01-20,5,1,1,1
TSLA,2026-01-21,3,1,1,1
TSLA,2026-01-22,6,0,0,0
TSLA,2026-01-23,7,0,0,0
TSLA,2026-01-26,7,0,0,0
TSLA,2026-01-27,14,1,0,0
TSLA,2026-01-28,35,0,0,0
TSLA,2026-01-29,26,1,1,0
TSLA,2026-01-30,11,0,0,0
TSLA,2026-02-02,4,1,0,0
TSLA,2026-02-03,2,0,0,1
TSLA,2026-02-04,2,0,1,1
TSLA,2026-02-05,2,1,1,1
TSLA,2026-02-06,5,1,1,1
TSLA,2026-02-09,4,1,0,0
TSLA,2026-02-11,2,0,0,0
TSLA,2026-02-12,4,1,0,0
TSLA,2026-02-17,3,1,1,0
TSLA,2026-02-18,3,1,0,1
TSLA,2026-02-19,2,1,0,0
TSLA,2026-02-20,3,0,1,0
TSLA,2026-02-23,3,1,1,1
TSLA,2026-02-24,5,1,0,0
TSLA,2026-02-25,2,0,0,0
TSLA,2026-02-26,6,0,0,0
